employee_id,age,department,recruitment_source,date_hired,race,salary,performance_score,job_satisfaction,promotion
EEE1,34,Sales,Walk-in,2017-05-04,Asian,68671,88,8,No
EEE2,38,Sales,Walk-in,2017-04-26,Other,63304,67,6,No
EEE3,33,Sales,Referral,2022-10-25,Asian,67983,77,8,No
EEE4,22,Sales,Agency,2016-06-13,Asian,45274,53,1,No
EEE5,29,IT,Referral,2016-12-27,White,54975,75,3,No
EEE6,37,Sales,Indeed,2017-12-06,Black,57835,75,4,No
EEE7,41,Marketing,Agency,2019-07-23,Asian,69347,88,8,Yes
EEE8,30,IT,LinkedIn,2017-09-05,Asian,61104,62,5,No
EEE9,24,HR,Referral,2021-01-28,Asian,47370,69,1,No
EE10,39,HR,LinkedIn,2019-10-11,Other,66439,84,7,Yes
EE11,33,IT,Walk-in,2016-07-30,Hispanic,56831,63,3,No
EE12,41,HR,Indeed,2018-01-15,Black,70269,53,8,No
EE13,44,Marketing,Referral,2018-09-06,Hispanic,62425,76,6,No
EE14,45,IT,Agency,2019-06-19,Other,75324,67,9,No
EE15,46,HR,Walk-in,2019-07-19,White,71578,47,9,No
EE16,24,IT,Agency,2022-04-24,Black,49020,82,2,Yes
EE17,38,HR,Agency,2017-06-11,Hispanic,64985,79,7,No
EE18,46,Operations,LinkedIn,2018-02-26,Black,70472,83,9,Yes
EE19,44,Sales,Referral,2022-04-04,Black,68378,96,8,Yes
EE20,47,Operations,Indeed,2017-01-04,Asian,65113,85,7,Yes
EE21,44,HR,Indeed,2018-02-15,Asian,67274,92,8,Yes
EE22,28,Operations,Walk-in,2020-11-02,Black,56533,65,3,No
EE23,48,Sales,Indeed,2019-06-09,White,65984,87,7,Yes
EE24,22,Sales,Walk-in,2017-08-23,Other,54112,50,3,No
EE25,27,Sales,LinkedIn,2019-05-10,Black,63466,79,6,No
EE26,45,Marketing,Referral,2019-01-18,Other,74910,70,9,No
EE27,26,Marketing,LinkedIn,2019-12-26,Black,51807,100,2,Yes
EE28,29,HR,Walk-in,2020-03-13,Asian,54916,74,3,No
EE29,28,Sales,Agency,2020-10-04,Other,55072,81,3,No
EE30,38,Marketing,LinkedIn,2016-03-19,Hispanic,68429,54,8,No
EE31,23,Sales,Agency,2018-06-21,White,53202,47,2,No
EE32,33,IT,Indeed,2019-10-03,Hispanic,56675,70,3,No
EE33,36,IT,Agency,2021-06-02,Asian,56240,74,3,No
EE34,30,Sales,Indeed,2020-08-08,Asian,61796,68,5,No
EE35,26,HR,Referral,2017-06-20,White,50580,86,2,Yes
EE36,40,IT,Indeed,2016-01-18,Asian,69485,52,8,No
EE37,31,Operations,Walk-in,2018-09-19,White,60165,84,5,No
EE38,34,Marketing,Walk-in,2017-01-05,Asian,65809,85,7,No
EE39,29,HR,LinkedIn,2020-07-20,Asian,63671,68,6,No
EE40,32,Marketing,Walk-in,2016-10-01,Black,53484,95,2,Yes
EE41,26,Marketing,Referral,2016-06-12,Hispanic,60912,82,5,No
EE42,28,Sales,Agency,2020-07-09,White,60839,85,5,Yes
EE43,28,Sales,Referral,2020-05-25,Black,55863,78,3,No
EE44,29,IT,Indeed,2021-09-11,Black,58101,79,4,No
EE45,42,Operations,LinkedIn,2020-11-10,Black,71042,80,9,No
EE46,46,Operations,Indeed,2021-07-16,Black,75103,74,9,No
EE47,47,Sales,LinkedIn,2016-09-25,Black,64030,86,6,Yes
EE48,40,HR,Referral,2021-11-16,Asian,74294,81,9,No
EE49,26,Marketing,Indeed,2016-02-01,Hispanic,48761,40,2,No
EE50,40,IT,Walk-in,2018-02-10,Other,56594,65,3,No
EE51,46,IT,Walk-in,2017-12-29,Other,76571,81,10,No
EE52,25,Marketing,Indeed,2016-08-27,White,47442,42,1,No
EE53,44,Operations,Walk-in,2021-07-03,Other,69079,44,8,No
EE54,21,HR,Referral,2019-08-23,Asian,45067,75,1,No
EE55,48,Sales,Referral,2019-09-17,Asian,64427,72,6,No
EE56,24,HR,Referral,2019-07-01,Black,51989,75,2,No
EE57,27,IT,Referral,2017-01-02,Hispanic,59836,90,5,Yes
EE58,31,Operations,Walk-in,2017-01-06,Other,61379,78,5,No
EE59,32,Operations,Walk-in,2022-12-07,White,57388,74,4,No
EE60,37,HR,Walk-in,2020-11-28,Other,64521,81,6,No
EE61,20,Operations,Agency,2021-02-05,Hispanic,50507,84,2,Yes
EE62,44,Sales,Agency,2019-09-05,Other,70082,50,8,No
EE63,46,Operations,Agency,2017-06-26,Black,69570,60,8,No
EE64,44,HR,Walk-in,2018-12-18,Other,72005,84,9,No
EE65,25,Operations,Referral,2017-11-16,Other,49586,86,2,Yes
EE66,40,Operations,LinkedIn,2018-01-30,Black,68888,31,8,No
EE67,34,Operations,Indeed,2019-03-13,Black,60503,72,5,No
EE68,28,IT,Indeed,2016-08-09,White,55722,71,3,No
EE69,34,HR,Walk-in,2016-10-21,Other,65729,65,7,No
EE70,45,Operations,Agency,2017-09-27,Other,68862,83,8,No
EE71,47,Operations,Walk-in,2017-09-03,Black,67673,88,8,Yes
EE72,35,HR,LinkedIn,2017-08-08,White,56985,85,3,Yes
EE73,39,HR,Agency,2022-12-27,Black,69545,67,8,No
EE74,25,IT,Referral,2018-01-02,Hispanic,43334,73,1,No
EE75,30,IT,LinkedIn,2020-06-23,Black,56915,75,3,No
EE76,27,HR,Agency,2022-06-01,White,57507,38,4,No
EE77,41,Sales,Referral,2016-11-26,Other,60925,74,5,No
EE78,41,HR,Referral,2019-03-09,Asian,67835,74,8,No
EE79,26,Marketing,Walk-in,2022-06-16,Asian,59151,74,4,No
EE80,35,Marketing,Referral,2020-04-13,Asian,53878,83,2,Yes
EE81,36,HR,Referral,2019-05-03,Hispanic,59364,85,4,Yes
EE82,41,Sales,LinkedIn,2018-10-22,Black,76611,77,10,No
EE83,37,Sales,Walk-in,2020-10-01,Black,61327,61,5,No
EE84,36,Marketing,Walk-in,2018-01-04,Other,58970,70,4,No
EE85,21,HR,Indeed,2021-07-10,Hispanic,47511,71,1,No
EE86,23,Operations,Indeed,2020-09-11,Other,51228,66,2,No
EE87,32,IT,Agency,2021-01-14,Hispanic,61530,67,5,No
EE88,24,Sales,Referral,2019-06-25,Black,50682,85,2,Yes
EE89,41,IT,Walk-in,2017-08-05,Other,68809,80,8,Yes
EE90,38,IT,LinkedIn,2021-11-07,White,68910,85,8,Yes
EE91,44,Marketing,Walk-in,2020-09-20,Other,71881,78,9,No
EE92,39,HR,Agency,2017-05-20,Black,69949,96,8,Yes
EE93,41,Sales,Referral,2020-09-09,Asian,63796,80,6,No
EE94,44,IT,Walk-in,2022-04-08,Other,69586,75,8,No
EE95,33,Operations,Walk-in,2016-09-28,Hispanic,64721,83,7,Yes
EE96,44,Operations,LinkedIn,2017-02-11,Other,70475,68,9,No
EE97,42,Operations,Walk-in,2021-04-04,White,69663,81,8,No
EE98,22,Marketing,Indeed,2022-09-03,Hispanic,52854,100,2,Yes
EE99,27,Operations,Indeed,2017-12-07,Asian,57515,67,4,No
E100,35,Operations,Walk-in,2021-02-04,Black,62877,86,6,No
E101,31,Sales,Referral,2016-05-02,Asian,54303,95,3,Yes
E102,44,Operations,Walk-in,2020-08-06,Asian,71070,59,9,No
E103,33,Sales,Referral,2021-09-12,White,59123,83,4,No
E104,22,Marketing,Walk-in,2023-01-21,Asian,59779,77,4,No
E105,33,Sales,Walk-in,2020-09-29,Black,58752,65,4,No
E106,48,Sales,LinkedIn,2020-12-19,Hispanic,74161,96,9,Yes
E107,26,Marketing,Agency,2021-12-16,White,45934,42,1,No
E108,22,HR,Agency,2020-05-22,Black,49306,69,2,No
E109,42,Operations,Indeed,2021-04-30,Asian,64458,67,6,No
E110,41,Marketing,Referral,2020-04-27,White,73959,78,9,No
E111,45,Marketing,Walk-in,2021-07-23,Other,70245,72,8,No
E112,34,Marketing,LinkedIn,2018-07-04,Asian,62925,98,6,Yes
E113,40,HR,Referral,2022-06-25,Black,68501,77,8,No
E114,24,Operations,Agency,2018-04-21,Black,51544,86,2,Yes
E115,27,Marketing,Referral,2020-02-24,Hispanic,58104,75,4,No
E116,38,IT,Walk-in,2020-09-16,Black,72933,84,9,No
E117,29,Sales,LinkedIn,2019-09-06,Asian,61285,63,5,No
E118,37,HR,Walk-in,2019-12-17,Hispanic,68172,83,8,Yes
E119,29,IT,Referral,2020-08-01,White,54027,82,3,No
E120,31,IT,Walk-in,2018-10-10,White,60695,61,5,No
E121,21,IT,Walk-in,2022-10-06,Other,53267,52,2,No
E122,29,Marketing,Referral,2019-08-01,Hispanic,54924,86,3,Yes
E123,41,HR,Agency,2019-05-27,Asian,68387,65,8,No
E124,31,HR,Agency,2018-01-23,Black,69668,69,8,No
E125,39,Marketing,LinkedIn,2016-03-09,Asian,61327,78,5,No
E126,33,IT,Walk-in,2022-03-11,Asian,64165,69,6,No
E127,36,Sales,LinkedIn,2019-04-12,White,58431,88,4,Yes
E128,33,HR,Agency,2018-03-22,Asian,63160,51,6,No
E129,41,Sales,LinkedIn,2019-03-29,Hispanic,62591,78,6,No
E130,22,Sales,Referral,2023-01-12,Asian,55552,76,3,No
E131,27,HR,Referral,2022-11-20,Other,50258,90,2,Yes
E132,33,IT,Indeed,2023-03-16,Hispanic,61502,68,5,No
E133,38,Operations,LinkedIn,2021-08-10,Other,72107,62,9,No
E134,34,Marketing,Agency,2020-12-07,Asian,61088,49,5,No
E135,43,Operations,LinkedIn,2019-04-06,Other,68868,47,8,No
E136,36,Marketing,Referral,2018-12-07,Hispanic,70821,88,9,Yes
E137,42,HR,Walk-in,2021-04-16,Hispanic,78781,65,10,No
E138,30,Marketing,Indeed,2020-04-01,Hispanic,71416,47,9,No
E139,26,Marketing,Indeed,2021-03-16,White,53832,78,2,No
E140,48,HR,LinkedIn,2021-12-26,Black,68124,82,8,Yes
E141,34,HR,Walk-in,2016-08-28,Black,65456,38,7,No
E142,42,Sales,Walk-in,2020-10-03,Hispanic,70778,98,9,Yes
E143,45,IT,Agency,2021-01-15,Other,77426,89,10,Yes
E144,25,Sales,Referral,2019-03-11,Asian,55751,75,3,No
E145,33,IT,Indeed,2016-08-11,Hispanic,62204,58,6,No
E146,26,IT,LinkedIn,2016-09-12,White,63369,73,6,No
E147,46,IT,Indeed,2016-05-11,Asian,72610,75,9,No
E148,29,Operations,Referral,2016-11-10,Hispanic,61611,92,5,Yes
E149,24,Marketing,Indeed,2023-01-15,White,56623,60,3,No
E150,25,Sales,Walk-in,2021-09-21,Hispanic,54778,100,3,Yes
E151,35,Operations,LinkedIn,2021-09-05,White,60326,84,5,No
E152,43,IT,Indeed,2019-06-05,White,67712,91,8,Yes
E153,40,IT,Referral,2018-01-14,Black,57257,85,4,No
E154,42,IT,Agency,2019-06-18,White,74992,65,9,No
E155,30,IT,Indeed,2021-02-10,White,51024,50,2,No
E156,23,Sales,LinkedIn,2019-07-12,Asian,50446,75,2,No
E157,31,IT,Indeed,2019-11-24,Asian,57948,69,4,No
E158,33,IT,Walk-in,2018-03-06,Asian,67428,100,8,Yes
E159,47,Marketing,Indeed,2022-08-24,Hispanic,72889,65,9,No
E160,48,Operations,Walk-in,2021-10-25,Hispanic,78121,70,10,No
E161,38,Operations,Agency,2018-08-24,Black,63929,56,6,No
E162,44,Marketing,Indeed,2020-03-27,Other,78557,73,10,No
E163,26,Operations,Agency,2022-07-19,White,58235,58,4,No
E164,41,Marketing,Agency,2020-12-16,Other,70536,54,9,No
E165,45,IT,Walk-in,2020-11-19,Asian,75388,68,9,No
E166,28,Sales,Walk-in,2022-12-30,Asian,49989,56,2,No
E167,26,IT,LinkedIn,2018-06-30,White,55747,57,3,No
E168,21,IT,Agency,2018-02-21,Other,52872,78,2,No
E169,35,Operations,Referral,2020-10-18,Asian,59166,82,4,Yes
E170,32,Operations,LinkedIn,2022-11-08,Hispanic,60661,83,5,Yes
E171,38,Marketing,LinkedIn,2018-07-14,Other,61793,70,5,No
E172,43,HR,Indeed,2023-03-21,Asian,70499,71,9,No
E173,39,IT,Agency,2017-06-08,Other,57276,59,4,No
E174,34,Operations,LinkedIn,2020-06-24,Asian,63622,74,6,No
E175,26,Sales,Indeed,2016-10-13,Asian,52619,85,2,Yes
E176,23,Sales,LinkedIn,2020-11-07,Hispanic,58097,55,4,No
E177,20,Operations,Walk-in,2016-04-18,Asian,41134,85,1,Yes
E178,27,IT,Walk-in,2018-04-24,White,56813,60,3,No
E179,39,Marketing,Walk-in,2017-12-19,Hispanic,65095,76,7,No
E180,44,Operations,Agency,2019-07-09,Asian,74903,49,9,No
E181,35,HR,LinkedIn,2016-07-11,Other,55100,73,3,No
E182,43,Sales,Indeed,2021-10-22,Black,66656,90,7,Yes
E183,41,Operations,Agency,2022-10-27,Black,71359,69,9,No
E184,30,Operations,LinkedIn,2020-04-04,Other,62064,46,5,No
E185,35,Sales,LinkedIn,2020-01-29,Black,64782,94,7,Yes
E186,39,Sales,Walk-in,2019-03-12,White,67643,58,8,No
E187,27,Operations,Agency,2017-04-18,Black,48257,55,1,No
E188,22,HR,Walk-in,2017-07-04,Other,56855,61,3,No
E189,48,Operations,LinkedIn,2022-08-31,Hispanic,74479,55,9,No
E190,23,HR,Indeed,2021-02-22,Other,44326,73,1,No
E191,39,Operations,Referral,2021-01-26,Asian,65333,70,7,No
E192,31,Operations,Indeed,2019-07-22,White,64569,65,7,No
E193,41,Sales,Indeed,2019-12-15,Black,71319,82,9,Yes
E194,36,Marketing,Walk-in,2018-04-01,White,60644,77,5,No
E195,29,Operations,Referral,2016-09-19,Black,62738,61,6,No
E196,46,Sales,Indeed,2022-03-17,Black,69815,80,8,Yes
E197,39,Operations,Referral,2021-08-14,Hispanic,68110,75,8,No
E198,30,HR,Walk-in,2016-05-31,Hispanic,63643,69,6,No
E199,44,IT,Agency,2016-04-25,Other,72153,66,9,No
E200,42,HR,Agency,2018-03-14,White,65336,58,7,No
E201,27,IT,Referral,2016-01-27,White,60700,72,5,No
E202,33,Sales,Walk-in,2022-02-16,Black,68787,70,8,No
E203,40,Sales,Referral,2023-03-19,White,62354,87,6,No
E204,32,Sales,Indeed,2019-11-17,Hispanic,59689,69,4,No
E205,21,Operations,Indeed,2021-10-17,Other,56818,57,3,No
E206,30,Sales,Agency,2023-02-10,Hispanic,54740,79,3,No
E207,32,HR,Agency,2021-09-30,Hispanic,52003,58,2,No
E208,33,Operations,Indeed,2018-05-24,White,58927,83,4,No
E209,25,Marketing,Indeed,2017-05-27,White,60332,100,5,Yes
E210,44,Sales,LinkedIn,2019-02-06,White,63391,75,6,No
E211,27,HR,Indeed,2018-05-31,Black,55358,80,3,No
E212,31,Operations,Walk-in,2021-10-08,Black,64610,77,7,No
E213,45,IT,Referral,2019-12-18,Hispanic,71235,81,9,No
E214,23,Sales,Walk-in,2020-11-23,Hispanic,56235,51,3,No
E215,32,HR,Indeed,2017-01-08,Black,68720,56,8,No
E216,48,HR,LinkedIn,2017-03-02,White,77904,71,10,No
E217,33,Sales,Walk-in,2019-03-14,Other,64356,69,6,No
E218,40,Sales,Indeed,2023-03-11,Black,69455,53,8,No
E219,35,IT,Walk-in,2016-09-20,Hispanic,57208,44,4,No
E220,42,HR,Referral,2022-02-22,Asian,72796,82,9,No
E221,48,Operations,Agency,2020-09-18,White,76111,95,10,Yes
E222,20,Sales,Agency,2020-06-18,White,53018,100,2,Yes
E223,27,Sales,Indeed,2022-04-05,Other,56886,83,3,Yes
E224,27,Operations,LinkedIn,2019-12-01,Hispanic,50245,46,2,No
E225,29,IT,Agency,2017-06-10,White,58968,81,4,No
E226,44,HR,Referral,2016-10-23,Other,76475,89,10,Yes
E227,27,IT,Agency,2021-06-21,Black,53541,72,2,No
E228,37,Marketing,Indeed,2022-08-03,Asian,55596,80,3,No
E229,48,Marketing,LinkedIn,2021-06-30,Hispanic,82590,95,10,Yes
E230,40,HR,Agency,2019-09-14,White,64179,72,6,No
E231,28,IT,Walk-in,2017-12-14,White,63102,59,6,No
E232,26,Marketing,LinkedIn,2016-08-21,Hispanic,58920,81,4,No
E233,26,HR,Indeed,2017-11-05,Hispanic,64089,82,6,No
E234,45,HR,Indeed,2019-01-10,White,70790,84,9,Yes
E235,48,Operations,Walk-in,2017-12-01,Hispanic,71898,87,9,Yes
E236,47,Operations,Walk-in,2018-12-04,Hispanic,81261,74,10,No
E237,29,Sales,Agency,2017-11-01,Black,68983,56,8,No
E238,43,Operations,LinkedIn,2018-11-14,Black,70993,72,9,No
E239,41,IT,Referral,2019-05-11,White,68649,69,8,No
E240,42,Marketing,Referral,2021-07-18,Black,72312,89,9,Yes
E241,45,Sales,Walk-in,2021-03-27,Other,67637,78,8,No
E242,30,Sales,Agency,2020-11-14,Hispanic,61489,81,5,No
E243,20,IT,Agency,2018-06-08,Black,46052,72,1,No
E244,44,Marketing,Agency,2020-10-28,Hispanic,68713,34,8,No
E245,48,Marketing,Referral,2019-12-14,Black,77374,73,10,No
E246,48,IT,Referral,2020-12-06,Black,69585,89,8,Yes
E247,38,Operations,LinkedIn,2020-05-16,Black,69654,66,8,No
E248,29,Operations,Indeed,2018-07-01,White,60711,83,5,Yes
E249,40,Operations,Referral,2017-04-06,Other,74169,95,9,Yes
E250,41,HR,Agency,2017-10-04,Hispanic,78628,74,10,No
E251,32,Sales,Agency,2016-06-28,Asian,57723,62,4,No
E252,30,Marketing,LinkedIn,2018-04-25,Asian,60953,60,5,No
E253,30,HR,Indeed,2016-04-22,Other,66793,67,7,No
E254,44,Operations,Referral,2019-10-12,Other,71195,58,9,No
E255,39,Marketing,Indeed,2021-09-08,Black,62931,73,6,No
E256,45,HR,Indeed,2022-05-27,White,66012,73,7,No
E257,26,Sales,Referral,2016-07-24,White,62802,88,6,Yes
E258,44,Operations,Agency,2022-10-07,Other,83197,66,10,No
E259,42,HR,Indeed,2018-02-17,Black,63363,78,6,No
E260,45,Operations,Referral,2020-03-16,Hispanic,71553,75,9,No
E261,39,Marketing,Agency,2018-04-20,Black,58360,83,4,Yes
E262,48,Operations,Agency,2021-10-07,Asian,73748,50,9,No
E263,43,HR,Referral,2017-03-11,Other,67864,95,8,Yes
E264,44,Sales,Walk-in,2017-03-03,White,70140,87,8,Yes
E265,28,Marketing,Indeed,2019-11-30,Other,71874,90,9,Yes
E266,28,Marketing,Referral,2021-05-14,White,50407,91,2,Yes
E267,24,Marketing,Walk-in,2018-05-11,White,56361,34,3,No
E268,42,Operations,Referral,2021-08-24,Black,77763,84,10,No
E269,33,Operations,Referral,2019-11-16,White,58345,82,4,Yes
E270,33,IT,Agency,2021-03-13,Black,57303,81,4,No
E271,25,Marketing,Indeed,2016-08-26,Asian,55242,45,3,No
E272,46,Marketing,Agency,2019-06-08,Black,78303,63,10,No
E273,20,IT,Agency,2016-11-13,Asian,49284,94,2,Yes
E274,45,IT,Walk-in,2016-05-30,Black,65871,75,7,No
E275,29,IT,Indeed,2018-03-09,White,58553,75,4,No
E276,36,HR,LinkedIn,2017-05-10,Hispanic,53711,83,2,No
E277,45,Sales,Indeed,2021-07-25,Black,63623,50,6,No
E278,36,Operations,Walk-in,2023-02-28,Other,69232,70,8,No
E279,48,Marketing,Agency,2018-07-24,Black,75694,77,10,No
E280,45,Sales,Agency,2021-08-12,Asian,60130,87,5,Yes
E281,46,Sales,Indeed,2020-08-10,Hispanic,74888,58,9,No
E282,40,Sales,Walk-in,2016-05-23,Black,55476,74,3,No
E283,26,Operations,Agency,2020-06-14,Other,53565,80,2,Yes
E284,47,Sales,LinkedIn,2020-10-09,Black,74097,100,9,Yes
E285,40,Marketing,Agency,2022-06-21,Asian,59858,94,5,Yes
E286,45,HR,Referral,2021-02-15,Black,77337,96,10,Yes
E287,28,Marketing,LinkedIn,2017-02-18,Other,63473,70,6,No
E288,39,Operations,Referral,2021-08-26,Asian,62826,93,6,Yes
E289,25,Marketing,Referral,2017-07-31,Other,60605,82,5,No
E290,37,Marketing,Walk-in,2018-02-20,White,65583,60,7,No
E291,48,Operations,Walk-in,2020-10-25,White,76651,85,10,Yes
E292,36,HR,Indeed,2020-07-19,Hispanic,67155,60,8,No
E293,24,IT,Walk-in,2021-09-19,Other,47779,68,1,No
E294,44,Operations,Walk-in,2018-11-13,Hispanic,60069,79,5,No
E295,39,IT,Indeed,2019-02-24,Black,77227,61,10,No
E296,22,HR,Walk-in,2017-06-24,Other,53757,71,2,No
E297,44,Sales,Referral,2019-07-24,Hispanic,72078,82,9,Yes
E298,33,HR,LinkedIn,2021-02-25,Black,55435,63,3,No
E299,20,Marketing,Agency,2022-11-22,Black,56663,53,3,No
E300,21,Sales,Indeed,2019-03-07,White,60997,81,5,No
E301,23,Operations,Walk-in,2018-08-05,Hispanic,61039,58,5,No
E302,29,IT,Indeed,2019-01-26,White,48082,66,1,No
E303,20,HR,Walk-in,2022-10-30,White,45797,78,1,No
E304,24,HR,Indeed,2022-01-25,White,54689,77,3,No
E305,40,Sales,Agency,2021-02-02,Asian,70484,88,9,Yes
E306,44,HR,Referral,2020-08-02,White,67481,70,8,No
E307,27,HR,LinkedIn,2020-12-25,White,52307,65,2,No
E308,42,IT,Agency,2019-04-16,Black,69749,60,8,No
E309,44,Sales,LinkedIn,2017-12-15,Other,65487,68,7,No
E310,40,Operations,Agency,2017-09-25,Black,77218,100,10,Yes
E311,32,HR,Agency,2022-07-14,Asian,51473,69,2,No
E312,37,IT,LinkedIn,2021-08-19,Asian,67144,70,8,No
E313,29,HR,Indeed,2016-03-27,Other,48218,78,1,No
E314,25,HR,Agency,2017-11-20,Other,52528,52,2,No
E315,26,HR,LinkedIn,2022-09-27,Black,63222,84,6,Yes
E316,48,IT,Agency,2017-12-21,Other,79009,69,10,No
E317,28,IT,Indeed,2018-06-14,Hispanic,50401,59,2,No
E318,35,IT,Walk-in,2022-11-28,Hispanic,55620,76,3,No
E319,36,HR,LinkedIn,2018-05-07,Asian,64091,67,6,No
E320,40,IT,Agency,2018-09-10,Other,62235,68,6,No
E321,32,IT,Referral,2021-01-07,White,62629,85,6,No
E322,47,Marketing,Agency,2017-04-11,Asian,67680,93,8,Yes
E323,40,HR,Walk-in,2016-10-29,Black,58949,62,4,No
E324,27,HR,Agency,2022-05-30,Hispanic,54449,84,3,No
E325,40,Marketing,Indeed,2019-10-25,Hispanic,60879,72,5,No
E326,26,HR,Referral,2018-07-17,White,61233,76,5,No
E327,39,Operations,LinkedIn,2017-12-27,Black,64526,60,6,No
E328,37,HR,Walk-in,2017-10-30,White,64411,64,6,No
E329,48,Sales,Walk-in,2020-08-20,Black,80303,66,10,No
E330,36,Operations,Walk-in,2021-06-15,Asian,73089,86,9,Yes
E331,20,IT,Walk-in,2018-01-12,Hispanic,50735,58,2,No
E332,21,IT,Agency,2020-08-16,White,53467,95,2,Yes
E333,36,Sales,Indeed,2022-10-28,Other,70345,67,9,No
E334,21,Sales,Agency,2022-10-20,Asian,50928,60,2,No
E335,32,IT,Indeed,2021-01-10,White,55382,59,3,No
E336,43,HR,Referral,2019-06-28,Black,74371,82,9,No
E337,36,HR,Agency,2020-04-23,White,56177,96,3,Yes
E338,22,IT,Agency,2021-05-12,Hispanic,51374,67,2,No
E339,37,Operations,Agency,2018-01-29,Asian,62589,69,6,No
E340,21,Sales,Agency,2018-06-12,Black,49186,73,2,No
E341,24,Operations,Indeed,2020-08-25,Other,40432,71,1,No
E342,31,Sales,LinkedIn,2018-12-08,Black,56865,59,3,No
E343,44,Sales,LinkedIn,2017-04-16,Hispanic,76532,85,10,Yes
E344,32,HR,Indeed,2022-12-08,Other,58256,52,4,No
E345,29,IT,Indeed,2023-01-09,Hispanic,55105,55,3,No
E346,48,HR,Walk-in,2020-01-27,Other,70069,64,8,No
E347,25,IT,Referral,2018-04-19,Hispanic,50626,94,2,Yes
E348,29,Sales,Referral,2018-12-26,Other,58930,72,4,No
E349,29,Marketing,Agency,2019-09-15,Other,61164,61,5,No
E350,25,IT,Indeed,2018-10-24,Black,62244,67,6,No
E351,47,IT,LinkedIn,2017-10-21,Black,64770,65,7,No
E352,35,Sales,Agency,2021-11-17,Black,64977,94,7,Yes
E353,35,Sales,Walk-in,2019-01-25,Black,62234,92,6,Yes
E354,22,Sales,LinkedIn,2019-06-15,Black,54026,54,3,No
E355,23,Sales,LinkedIn,2018-08-06,Hispanic,48241,77,1,No
E356,46,Marketing,Indeed,2016-08-02,Hispanic,72028,51,9,No
E357,46,Marketing,LinkedIn,2022-01-16,Black,66032,58,7,No
E358,22,Sales,Indeed,2020-11-09,Hispanic,55899,61,3,No
E359,48,Marketing,Agency,2016-07-31,Other,68669,57,8,No
E360,42,HR,Agency,2022-04-14,Black,68918,73,8,No
E361,22,Sales,Referral,2016-12-29,Other,41964,85,1,Yes
E362,35,IT,Agency,2021-10-09,Hispanic,64635,75,7,No
E363,21,IT,Walk-in,2018-04-13,Other,57339,88,4,Yes
E364,34,Operations,Agency,2020-11-22,White,66031,88,7,Yes
E365,42,Marketing,LinkedIn,2019-08-07,Black,73868,39,9,No
E366,22,HR,Indeed,2018-06-16,Hispanic,45820,66,1,No
E367,28,HR,Agency,2016-06-09,Asian,56553,77,3,No
E368,48,Marketing,Agency,2017-01-28,Black,73051,87,9,Yes
E369,26,Sales,Agency,2017-12-23,Other,59401,61,4,No
E370,28,Marketing,LinkedIn,2022-11-25,White,56561,72,3,No
E371,23,Operations,LinkedIn,2016-02-27,White,52384,94,2,Yes
E372,21,Marketing,LinkedIn,2016-12-18,Hispanic,60191,73,5,No
E373,41,Operations,LinkedIn,2021-10-11,Black,73255,98,9,Yes
E374,45,Sales,Indeed,2021-04-21,Asian,62218,37,6,No
E375,31,IT,Referral,2022-07-13,Black,57877,75,4,No
E376,28,HR,Walk-in,2018-08-15,Black,52439,34,2,No
E377,47,Sales,Walk-in,2022-01-07,Black,87458,87,10,Yes
E378,48,Sales,Referral,2016-09-14,White,70928,64,9,No
E379,48,HR,Walk-in,2022-05-09,Asian,79140,64,10,No
E380,30,Operations,Referral,2018-07-16,White,59481,86,4,No
E381,26,Marketing,Referral,2021-11-13,Hispanic,56344,79,3,No
E382,32,Sales,Walk-in,2022-11-01,Other,63076,73,6,No
E383,24,Sales,Agency,2016-03-01,White,53487,74,2,No
E384,30,Marketing,LinkedIn,2022-09-26,Hispanic,63165,90,6,Yes
E385,20,HR,Agency,2020-06-06,White,53799,73,2,No
E386,38,IT,Referral,2021-09-18,Hispanic,56975,88,3,Yes
E387,31,IT,Indeed,2016-04-01,Asian,57022,76,3,No
E388,21,Sales,Indeed,2017-02-17,Asian,49183,65,2,No
E389,40,Marketing,Indeed,2020-10-16,Black,64469,83,6,No
E390,36,Operations,LinkedIn,2021-01-13,White,69126,57,8,No
E391,31,IT,Agency,2016-11-22,Black,67235,66,8,No
E392,22,Marketing,Indeed,2022-04-21,Asian,47991,47,1,No
E393,44,IT,Referral,2016-10-05,Other,72907,88,9,Yes
E394,37,IT,Walk-in,2023-01-20,Black,58751,44,4,No
E395,34,Marketing,LinkedIn,2017-03-16,White,59415,70,4,No
E396,41,IT,Walk-in,2021-05-03,Other,69292,29,8,No
E397,22,HR,Walk-in,2022-12-16,Black,51655,89,2,Yes
E398,38,IT,Indeed,2020-03-11,Other,61998,60,5,No
E399,44,IT,Walk-in,2020-05-23,Hispanic,63913,70,6,No
E400,37,Marketing,Agency,2020-09-17,Other,63041,88,6,Yes
E401,36,Operations,Walk-in,2017-12-05,Hispanic,64062,75,6,No
E402,25,Operations,Indeed,2016-11-01,Hispanic,57811,76,4,No
E403,29,HR,Walk-in,2018-12-01,Hispanic,53821,60,2,No
E404,27,HR,Agency,2017-11-08,Hispanic,59534,51,4,No
E405,29,IT,LinkedIn,2017-06-15,Other,52381,80,2,No
E406,45,Sales,Referral,2021-04-25,Asian,68269,93,8,Yes
E407,32,Operations,Walk-in,2020-10-17,Black,62852,70,6,No
E408,39,Operations,Walk-in,2020-05-11,White,62737,58,6,No
E409,25,Operations,Indeed,2021-07-01,Other,51102,62,2,No
E410,39,Operations,Agency,2019-12-02,White,65963,36,7,No
E411,48,IT,Referral,2016-11-02,White,73577,82,9,No
E412,39,HR,LinkedIn,2017-10-27,Asian,70872,46,9,No
E413,28,Sales,Indeed,2021-12-28,Black,56233,67,3,No
E414,35,Operations,LinkedIn,2016-04-07,Hispanic,54496,54,3,No
E415,27,Marketing,Indeed,2017-04-15,Other,53321,76,2,No
E416,26,Sales,Agency,2018-12-20,White,52648,71,2,No
E417,29,Operations,LinkedIn,2019-01-08,Black,53538,63,2,No
E418,36,IT,Indeed,2022-09-20,Asian,65410,46,7,No
E419,37,Sales,Agency,2021-01-06,Other,77109,60,10,No
E420,27,Marketing,LinkedIn,2016-02-20,White,60571,83,5,No
E421,38,Marketing,Agency,2020-06-21,Other,64626,77,7,No
E422,29,Marketing,LinkedIn,2018-12-21,Hispanic,60718,65,5,No
E423,42,Operations,Walk-in,2016-06-29,Black,75814,36,10,No
E424,30,Operations,Referral,2023-02-20,Black,57454,81,4,Yes
E425,36,HR,Indeed,2016-12-15,Asian,67122,26,7,No
E426,31,IT,Indeed,2020-01-28,Hispanic,62609,97,6,Yes
E427,21,IT,Agency,2022-11-17,White,51187,71,2,No
E428,38,Sales,Walk-in,2017-08-12,Other,65683,89,7,Yes
E429,32,IT,Agency,2022-12-04,Other,63859,67,6,No
E430,32,IT,LinkedIn,2019-09-07,White,60469,100,5,Yes
E431,38,Sales,Agency,2016-04-26,White,63702,57,6,No
E432,41,HR,Agency,2018-07-22,Other,64830,83,7,Yes
E433,29,HR,LinkedIn,2018-01-01,Hispanic,59655,70,4,No
E434,35,IT,Walk-in,2018-09-29,Other,62725,81,6,No
E435,24,IT,LinkedIn,2022-12-25,Hispanic,52341,50,2,No
E436,23,IT,Agency,2022-05-02,Asian,54283,100,3,Yes
E437,37,Sales,Walk-in,2016-12-24,Other,60735,75,5,No
E438,20,Operations,LinkedIn,2018-02-25,White,46988,63,1,No
E439,35,HR,Indeed,2019-08-14,Asian,69868,52,8,No
E440,47,IT,Referral,2017-11-18,White,68193,74,8,No
E441,36,Operations,LinkedIn,2022-05-01,Black,65379,43,7,No
E442,31,Sales,LinkedIn,2021-07-19,Black,54958,44,3,No
E443,40,Operations,Walk-in,2022-01-06,White,65847,71,7,No
E444,47,Sales,Referral,2021-02-26,White,74552,79,9,No
E445,21,Sales,LinkedIn,2022-08-29,Other,46752,75,1,No
E446,37,IT,Indeed,2022-03-14,Asian,67575,41,8,No
E447,31,Operations,Agency,2016-01-01,Asian,60895,71,5,No
E448,34,Operations,LinkedIn,2016-08-16,White,60617,93,5,Yes
E449,38,IT,LinkedIn,2022-06-13,Other,66627,85,7,Yes
E450,40,Operations,Referral,2016-07-29,Asian,67375,94,8,Yes
E451,25,HR,Referral,2022-06-10,Other,50802,75,2,No
E452,35,HR,Indeed,2022-07-28,Hispanic,56015,21,3,No
E453,45,HR,Agency,2017-07-30,Asian,71531,80,9,No
E454,34,IT,Agency,2017-07-22,Asian,57176,73,3,No
E455,38,HR,Agency,2018-07-26,Other,65224,44,7,No
E456,46,Operations,Referral,2021-07-28,White,63560,82,6,Yes
E457,22,HR,Agency,2016-03-06,White,47955,60,1,No
E458,33,Marketing,Referral,2018-11-15,Hispanic,62761,99,6,Yes
E459,20,HR,Referral,2016-04-28,White,56227,76,3,No
E460,43,IT,Indeed,2019-05-20,White,70246,61,8,No
E461,20,Sales,LinkedIn,2018-10-01,Other,46028,60,1,No
E462,35,IT,Referral,2019-04-29,Black,60923,93,5,Yes
E463,30,Operations,Referral,2018-05-19,White,64468,89,6,Yes
E464,23,Operations,LinkedIn,2021-07-21,Hispanic,55993,78,3,No
E465,43,Marketing,Walk-in,2019-05-28,Asian,73335,79,9,No
E466,31,IT,Referral,2017-06-25,Black,64784,79,7,Yes
E467,32,IT,Walk-in,2019-11-07,White,62487,35,6,No
E468,29,Sales,Walk-in,2020-12-26,White,63747,70,6,No
E469,29,Marketing,Walk-in,2020-06-10,Hispanic,53334,50,2,No
E470,43,HR,Walk-in,2016-04-21,Hispanic,70898,79,9,No
E471,47,IT,Indeed,2020-12-31,Asian,70903,71,9,No
E472,26,HR,Referral,2018-05-04,Black,56809,83,3,No
E473,37,Marketing,LinkedIn,2019-05-14,Hispanic,71227,64,9,No
E474,36,HR,Indeed,2017-03-13,Other,66319,91,7,Yes
E475,39,HR,Agency,2020-09-08,Other,63052,62,6,No
E476,46,Marketing,Agency,2018-05-22,Hispanic,70049,44,8,No
E477,28,Sales,LinkedIn,2020-04-12,White,52643,86,2,No
E478,40,Sales,Referral,2017-12-20,Hispanic,66551,60,7,No
E479,30,Operations,LinkedIn,2021-08-31,Black,56502,61,3,No
E480,31,Sales,Referral,2017-07-20,White,63758,89,6,Yes
E481,27,Operations,Referral,2020-08-22,Other,54136,85,3,No
E482,37,HR,Indeed,2018-06-03,White,68152,51,8,No
E483,24,Sales,Agency,2020-01-14,Black,57804,65,4,No
E484,48,Sales,Referral,2021-08-23,Asian,71223,71,9,No
E485,37,IT,Referral,2022-09-13,Black,71732,89,9,Yes
E486,25,Operations,Indeed,2022-08-28,Other,55135,76,3,No
E487,29,Operations,Indeed,2017-04-22,Black,54936,89,3,Yes
E488,45,Sales,Referral,2017-06-09,Hispanic,71372,90,9,Yes
E489,28,Sales,LinkedIn,2016-09-30,Black,52445,78,2,No
E490,30,IT,Agency,2022-07-29,White,62255,85,6,Yes
E491,42,Sales,Walk-in,2021-05-25,Asian,64124,68,6,No
E492,25,Sales,Agency,2017-01-10,White,61465,58,5,No
E493,31,IT,Walk-in,2018-03-08,Black,49429,66,2,No
E494,38,IT,Agency,2016-04-23,Asian,59838,50,5,No
E495,46,Marketing,LinkedIn,2019-09-30,Black,70108,71,8,No
E496,43,Sales,Walk-in,2016-12-01,Asian,65897,78,7,No
E497,46,Operations,LinkedIn,2022-07-05,Asian,78535,54,10,No
E498,42,HR,Referral,2020-07-10,Hispanic,68298,72,8,No
E499,23,Operations,Walk-in,2017-12-30,White,55174,53,3,No
E500,43,Marketing,Indeed,2021-03-01,Other,72937,69,9,No
E501,47,Operations,Indeed,2016-06-17,Other,73364,91,9,Yes
E502,22,Sales,LinkedIn,2021-11-30,Asian,57405,61,4,No
E503,33,IT,Agency,2018-06-24,White,63599,61,6,No
E504,27,Sales,Agency,2020-07-18,Hispanic,60091,70,5,No
E505,25,Sales,Agency,2016-11-21,Black,47570,55,1,No
E506,23,Operations,Referral,2021-10-05,White,47768,79,1,No
E507,42,Marketing,LinkedIn,2022-02-27,White,57468,65,4,No
E508,29,Sales,Agency,2020-01-13,White,56934,87,3,Yes
E509,35,Marketing,LinkedIn,2016-06-21,Asian,70159,80,8,No
E510,46,IT,LinkedIn,2021-06-24,Black,66908,82,7,No
E511,43,Sales,Walk-in,2018-11-07,Hispanic,70975,48,9,No
E512,35,Operations,Indeed,2017-10-01,Other,65205,45,7,No
E513,39,Marketing,LinkedIn,2017-07-21,Black,67393,71,8,No
E514,29,Marketing,Agency,2021-05-23,White,56779,65,3,No
E515,44,Sales,Agency,2017-11-04,Hispanic,67109,65,7,No
E516,25,IT,Walk-in,2018-03-26,White,51816,68,2,No
E517,38,Sales,Walk-in,2019-09-03,Other,65487,94,7,Yes
E518,23,HR,LinkedIn,2020-12-20,Black,59898,63,5,No
E519,28,Sales,Referral,2017-04-01,Black,53432,84,2,Yes
E520,44,HR,Walk-in,2018-03-19,White,69587,94,8,Yes
E521,23,Marketing,Indeed,2018-10-21,Hispanic,53896,73,2,No
E522,34,IT,Walk-in,2023-01-23,Asian,66157,74,7,No
E523,39,IT,Indeed,2017-05-19,Asian,65043,51,7,No
E524,41,Operations,LinkedIn,2021-10-27,Hispanic,70989,81,9,No
E525,40,Sales,Indeed,2022-05-31,White,59516,88,4,Yes
E526,36,IT,Referral,2020-06-16,White,67392,73,8,No
E527,43,Sales,Agency,2016-05-24,Asian,69882,53,8,No
E528,26,HR,LinkedIn,2021-03-08,Asian,50322,92,2,Yes
E529,34,IT,Indeed,2018-02-01,Other,50548,66,2,No
E530,47,Sales,Agency,2018-06-15,Other,70773,98,9,Yes
E531,24,IT,LinkedIn,2017-03-22,Hispanic,57544,77,4,No
E532,33,Sales,Agency,2017-03-20,Hispanic,62995,76,6,No
E533,41,IT,Referral,2023-01-14,Black,65979,90,7,Yes
E534,34,HR,Walk-in,2021-02-11,Black,62450,88,6,Yes
E535,34,Sales,LinkedIn,2021-01-12,Hispanic,62980,77,6,No
E536,35,Sales,Agency,2021-09-17,Black,59238,58,4,No
E537,38,Marketing,LinkedIn,2020-01-04,Other,65673,84,7,No
E538,27,Operations,LinkedIn,2019-08-31,Hispanic,57161,82,3,No
E539,45,Marketing,Referral,2016-10-04,Asian,67386,84,8,No
E540,24,Operations,Referral,2019-11-06,Other,55191,76,3,No
E541,26,IT,Indeed,2017-11-27,Other,57353,66,4,No
E542,39,Marketing,Agency,2022-07-25,White,68832,45,8,No
E543,35,HR,Indeed,2016-03-21,Black,66555,80,7,No
E544,47,Operations,LinkedIn,2019-09-11,Asian,74652,48,9,No
E545,35,Sales,Agency,2021-10-18,Hispanic,64507,75,6,No
E546,28,Operations,Indeed,2017-07-26,Hispanic,56923,47,3,No
E547,30,Sales,Referral,2017-03-06,Hispanic,61244,95,5,Yes
E548,30,Sales,Indeed,2019-01-06,White,52654,82,2,No
E549,38,Marketing,Agency,2016-05-15,Black,68671,98,8,Yes
E550,48,Marketing,Referral,2019-03-03,Other,70725,81,9,No
E551,29,Sales,Indeed,2022-04-10,Asian,69888,84,8,Yes
E552,42,IT,LinkedIn,2018-10-31,Asian,65618,67,7,No
E553,48,Sales,LinkedIn,2019-11-01,Hispanic,58962,73,4,No
E554,21,Marketing,Agency,2017-10-25,Other,58660,64,4,No
E555,44,IT,Walk-in,2019-02-19,Asian,67207,76,8,No
E556,25,Sales,Walk-in,2018-01-22,White,57965,53,4,No
E557,39,Sales,Walk-in,2018-05-16,White,67329,56,8,No
E558,33,Marketing,Walk-in,2021-11-15,Asian,66882,82,7,No
E559,33,HR,Agency,2020-02-14,Asian,56884,27,3,No
E560,25,Operations,Agency,2021-12-27,White,49055,66,2,No
E561,37,Sales,Walk-in,2019-03-10,White,69925,63,8,No
E562,21,Operations,Agency,2016-07-09,Black,47007,81,1,No
E563,43,Marketing,Referral,2019-02-13,White,61732,88,5,Yes
E564,27,Sales,Referral,2019-06-27,Other,60490,72,5,No
E565,30,HR,LinkedIn,2022-03-26,White,58674,92,4,Yes
E566,40,HR,Agency,2018-11-09,White,78391,86,10,Yes
E567,44,IT,LinkedIn,2016-12-08,White,71918,92,9,Yes
E568,26,Marketing,Agency,2021-08-03,White,54035,55,3,No
E569,38,HR,Walk-in,2020-01-01,Asian,62264,99,6,Yes
E570,42,IT,Walk-in,2020-01-16,Hispanic,77023,88,10,Yes
E571,27,IT,Indeed,2016-03-23,Black,50525,87,2,Yes
E572,46,Marketing,LinkedIn,2016-11-14,Black,74885,52,9,No
E573,29,Sales,LinkedIn,2016-10-17,Black,61008,69,5,No
E574,24,HR,Walk-in,2018-11-23,White,51336,73,2,No
E575,36,Operations,Referral,2018-09-26,Hispanic,71479,78,9,No
E576,42,Operations,LinkedIn,2019-09-25,Asian,64862,67,7,No
E577,25,Operations,LinkedIn,2018-08-16,White,54903,82,3,No
E578,27,Operations,Indeed,2019-08-29,Black,58538,75,4,No
E579,39,Marketing,Referral,2019-10-30,Black,77816,87,10,Yes
E580,25,Marketing,Walk-in,2016-01-05,Asian,58076,92,4,Yes
E581,34,Operations,LinkedIn,2021-07-13,White,70858,59,9,No
E582,47,IT,Walk-in,2017-06-17,Other,68957,82,8,Yes
E583,36,Sales,LinkedIn,2018-05-13,Black,55073,86,3,No
E584,22,Marketing,Agency,2019-11-23,Other,57047,50,3,No
E585,47,Marketing,Indeed,2016-09-02,Other,64458,40,6,No
E586,34,Operations,Walk-in,2016-08-31,White,55489,84,3,Yes
E587,39,Operations,Agency,2019-08-22,Other,69254,66,8,No
E588,20,Sales,LinkedIn,2020-02-02,Black,50721,100,2,Yes
E589,24,Sales,Referral,2018-10-23,White,58435,69,4,No
E590,30,Marketing,Indeed,2020-04-22,Black,66166,70,7,No
E591,34,Marketing,Agency,2020-09-12,Asian,66764,44,7,No
E592,39,Marketing,LinkedIn,2023-01-08,Black,68112,58,8,No
E593,21,IT,Indeed,2016-05-06,White,54560,49,3,No
E594,35,IT,Walk-in,2017-12-16,Black,63724,100,6,Yes
E595,42,Operations,Referral,2019-11-08,Asian,77142,99,10,Yes
E596,38,Sales,Agency,2017-02-05,Hispanic,65662,79,7,Yes
E597,29,IT,LinkedIn,2021-12-15,Hispanic,62236,90,6,Yes
E598,38,Marketing,Indeed,2021-04-10,Hispanic,60699,65,5,No
E599,46,Operations,LinkedIn,2020-12-09,Hispanic,71996,72,9,No
E600,36,Sales,LinkedIn,2020-01-24,Hispanic,53812,54,2,No
E601,26,IT,Referral,2020-05-29,White,56494,68,3,No
E602,48,Marketing,LinkedIn,2018-10-12,Other,65959,65,7,No
E603,25,HR,Walk-in,2022-08-26,White,54336,59,3,No
E604,31,Sales,Indeed,2020-10-14,Other,58599,79,4,No
E605,23,Sales,Walk-in,2018-10-02,White,58260,58,4,No
E606,40,IT,Referral,2016-09-22,Other,63789,82,6,No
E607,42,Marketing,Referral,2023-01-18,Hispanic,65279,87,7,Yes
E608,38,Sales,LinkedIn,2019-06-14,Hispanic,55535,73,3,No
E609,21,Marketing,Walk-in,2017-11-23,Black,54902,46,3,No
E610,43,IT,Agency,2017-01-19,Black,74843,59,9,No
E611,23,Marketing,LinkedIn,2016-02-26,Hispanic,52270,83,2,Yes
E612,41,HR,Agency,2018-10-27,Asian,75201,55,9,No
E613,48,HR,Agency,2016-06-11,Black,71351,82,9,No
E614,45,Marketing,Agency,2016-04-03,White,65988,65,7,No
E615,42,Sales,Referral,2022-02-02,White,69746,69,8,No
E616,46,Marketing,Indeed,2019-01-02,White,75231,77,9,No
E617,30,IT,LinkedIn,2019-09-22,Hispanic,51532,33,2,No
E618,41,HR,Agency,2018-12-24,Asian,59622,60,4,No
E619,20,Operations,Referral,2020-10-29,White,51232,85,2,Yes
E620,41,IT,Indeed,2016-02-29,White,70202,74,8,No
E621,43,IT,LinkedIn,2017-07-25,Asian,57678,74,4,No
E622,38,Marketing,Walk-in,2017-10-26,Hispanic,56869,72,3,No
E623,37,IT,LinkedIn,2018-08-11,Other,66139,91,7,Yes
E624,46,HR,LinkedIn,2021-12-07,Hispanic,76244,96,10,Yes
E625,35,Sales,Walk-in,2019-02-27,Black,61095,97,5,Yes
E626,22,IT,Agency,2018-07-18,Other,58602,50,4,No
E627,20,Marketing,Walk-in,2018-03-15,Asian,47931,58,1,No
E628,21,Sales,Indeed,2019-09-10,Hispanic,50967,51,2,No
E629,21,Operations,Agency,2020-07-08,Asian,58549,64,4,No
E630,27,HR,Walk-in,2018-01-27,Black,56192,75,3,No
E631,45,Operations,Indeed,2018-01-19,White,71129,73,9,No
E632,39,Marketing,Indeed,2018-12-30,Hispanic,61701,67,5,No
E633,33,Marketing,LinkedIn,2016-02-03,Hispanic,61735,68,5,No
E634,44,Sales,Agency,2017-12-02,Asian,66979,64,7,No
E635,32,IT,LinkedIn,2023-02-01,Asian,51603,57,2,No
E636,26,IT,Agency,2016-10-18,Asian,50948,59,2,No
E637,27,Operations,Referral,2022-03-30,White,55407,76,3,No
E638,48,IT,Indeed,2020-05-02,Hispanic,74218,62,9,No
E639,22,IT,LinkedIn,2019-04-26,Other,57940,49,4,No
E640,41,HR,Indeed,2018-07-03,White,67993,88,8,Yes
E641,35,IT,Agency,2017-08-31,Asian,62363,99,6,Yes
E642,46,IT,Agency,2023-01-11,White,77331,50,10,No
E643,41,Sales,LinkedIn,2022-09-23,Other,79875,89,10,Yes
E644,48,Sales,Walk-in,2016-12-07,Hispanic,72973,72,9,No
E645,43,HR,LinkedIn,2018-11-04,Other,75290,70,9,No
E646,20,HR,Agency,2016-09-23,Black,53431,71,2,No
E647,31,Operations,Walk-in,2022-02-17,Black,59420,77,4,No
E648,37,HR,Indeed,2021-05-22,Asian,54996,72,3,No
E649,40,Sales,LinkedIn,2022-04-12,Black,62162,57,6,No
E650,33,IT,Walk-in,2017-09-28,Black,58616,72,4,No
E651,27,IT,Walk-in,2017-06-19,White,51049,83,2,No
E652,43,Operations,Indeed,2020-01-09,Asian,63594,66,6,No
E653,47,Sales,Referral,2022-05-25,Black,70535,64,9,No
E654,42,IT,Walk-in,2018-03-11,Black,73359,45,9,No
E655,24,Sales,Agency,2017-01-31,Hispanic,49599,79,2,No
E656,36,IT,Indeed,2019-04-15,Other,64391,69,6,No
E657,45,HR,Indeed,2021-11-29,White,69985,61,8,No
E658,46,Operations,Walk-in,2020-07-05,Asian,75765,73,10,No
E659,44,Marketing,LinkedIn,2016-11-04,Other,70392,60,9,No
E660,44,Operations,Referral,2021-03-26,Asian,69359,69,8,No
E661,30,Operations,Walk-in,2017-08-29,Black,56079,74,3,No
E662,42,HR,Indeed,2019-04-25,Other,73059,39,9,No
E663,45,IT,Walk-in,2018-12-29,Other,76697,55,10,No
E664,23,HR,Indeed,2019-10-31,Other,53497,50,2,No
E665,32,Marketing,Indeed,2023-02-23,White,76959,51,10,No
E666,27,Operations,LinkedIn,2020-08-29,White,56585,93,3,Yes
E667,34,HR,Agency,2020-01-07,Other,76819,88,10,Yes
E668,46,HR,Referral,2023-03-17,Other,71131,67,9,No
E669,23,Operations,LinkedIn,2016-11-11,Asian,45546,64,1,No
E670,32,HR,Agency,2019-08-26,Other,53476,88,2,Yes
E671,22,IT,Agency,2017-05-25,Asian,48243,52,1,No
E672,26,Sales,LinkedIn,2016-05-28,Asian,63192,40,6,No
E673,20,HR,Indeed,2019-01-17,White,59517,25,4,No
E674,25,Marketing,Agency,2016-12-05,Other,56988,73,3,No
E675,32,Operations,Walk-in,2020-11-08,White,62142,71,5,No
E676,45,IT,Indeed,2016-09-17,Asian,68315,58,8,No
E677,47,Operations,Agency,2019-01-23,Asian,69217,77,8,No
E678,45,Operations,Agency,2017-07-13,White,67410,71,8,No
E679,36,HR,Walk-in,2017-02-20,Asian,59447,65,4,No
E680,42,IT,Indeed,2016-01-10,Hispanic,65900,89,7,Yes
E681,40,IT,Walk-in,2016-09-27,White,63887,92,6,Yes
E682,25,Marketing,Walk-in,2022-12-28,Asian,57643,86,4,No
E683,29,HR,LinkedIn,2020-10-22,Other,62054,79,5,No
E684,32,Operations,LinkedIn,2018-12-10,Hispanic,68616,55,8,No
E685,25,Marketing,Agency,2017-01-07,White,42757,66,1,No
E686,28,Marketing,Indeed,2017-01-16,Other,59876,69,5,No
E687,27,IT,Referral,2020-04-05,White,55008,77,3,No
E688,20,IT,LinkedIn,2020-03-19,Other,49668,87,2,Yes
E689,35,Operations,Indeed,2017-07-12,White,54791,49,3,No
E690,41,Sales,Walk-in,2017-09-20,Asian,67636,50,8,No
E691,21,Operations,LinkedIn,2016-12-16,Black,47920,69,1,No
E692,27,Marketing,Referral,2022-09-11,White,58379,97,4,Yes
E693,33,IT,Walk-in,2022-10-29,Asian,55836,87,3,Yes
E694,31,IT,Indeed,2020-12-05,Other,77030,67,10,No
E695,45,HR,Walk-in,2020-02-12,Hispanic,67090,30,7,No
E696,27,Operations,LinkedIn,2016-02-22,Asian,55189,66,3,No
E697,28,Sales,LinkedIn,2021-06-23,Other,51256,73,2,No
E698,27,Operations,Agency,2022-05-04,Hispanic,54974,58,3,No
E699,44,Marketing,Walk-in,2019-10-02,Black,80871,51,10,No
E700,28,Marketing,Referral,2018-10-28,Hispanic,55466,69,3,No
E701,39,Sales,Walk-in,2020-02-01,White,69251,88,8,Yes
E702,20,Operations,Indeed,2018-05-30,Asian,46301,63,1,No
E703,22,Operations,Referral,2016-02-04,Black,60292,59,5,No
E704,27,IT,Agency,2016-01-28,Black,58942,91,4,Yes
E705,21,Operations,Referral,2016-12-03,Other,48217,74,1,No
E706,20,IT,Referral,2017-08-30,Other,52152,70,2,No
E707,28,Sales,LinkedIn,2017-09-18,White,55466,68,3,No
E708,42,HR,Indeed,2019-04-03,White,71144,74,9,No
E709,26,Marketing,Indeed,2018-06-18,White,51753,96,2,Yes
E710,32,HR,Agency,2022-06-08,Other,62916,85,6,No
E711,48,HR,Indeed,2019-02-01,White,81316,63,10,No
E712,39,Operations,Agency,2016-01-16,Other,72514,47,9,No
E713,33,Sales,Referral,2018-11-19,Black,62925,77,6,No
E714,47,HR,Indeed,2021-04-07,Other,74268,78,9,No
E715,35,Marketing,Walk-in,2021-11-08,Asian,65108,88,7,Yes
E716,26,HR,Indeed,2021-07-26,Hispanic,60292,91,5,Yes
E717,23,HR,LinkedIn,2016-10-07,Asian,55330,73,3,No
E718,32,IT,LinkedIn,2020-11-15,White,63630,73,6,No
E719,31,IT,LinkedIn,2023-02-02,Black,62989,77,6,No
E720,44,Sales,Walk-in,2017-06-14,Asian,71339,86,9,Yes
E721,46,Marketing,Walk-in,2019-12-31,Asian,75402,73,9,No
E722,32,Marketing,Referral,2019-10-14,Black,60889,88,5,Yes
E723,39,HR,Indeed,2018-09-11,Other,71256,54,9,No
E724,29,Marketing,Walk-in,2018-03-02,Black,56059,70,3,No
E725,28,IT,LinkedIn,2016-08-17,White,58369,70,4,No
E726,31,HR,Indeed,2022-12-13,Hispanic,59962,70,5,No
E727,27,IT,Referral,2016-01-19,Hispanic,51229,86,2,Yes
E728,26,Sales,Agency,2017-04-27,Hispanic,61794,61,5,No
E729,44,HR,Walk-in,2021-08-08,Other,64388,84,6,No
E730,34,HR,Agency,2022-06-20,Hispanic,68726,68,8,No
E731,38,Operations,Referral,2022-11-03,White,60058,76,5,No
E732,36,Sales,Referral,2016-01-14,Asian,58890,85,4,Yes
E733,30,IT,LinkedIn,2022-05-22,Hispanic,63304,42,6,No
E734,26,Marketing,LinkedIn,2022-11-06,Black,55391,68,3,No
E735,38,Marketing,Agency,2022-04-02,White,56174,84,3,Yes
E736,42,HR,Indeed,2017-10-13,Other,76117,68,10,No
E737,45,HR,Walk-in,2020-01-23,Hispanic,58557,46,4,No
E738,22,Marketing,LinkedIn,2022-07-07,Other,49137,61,2,No
E739,25,Operations,Agency,2017-09-24,Other,47398,69,1,No
E740,26,Operations,Agency,2022-11-18,Black,52960,90,2,Yes
E741,23,Sales,Indeed,2017-01-24,Asian,53843,87,2,Yes
E742,29,Sales,LinkedIn,2019-06-13,White,56532,82,3,No
E743,36,Operations,Agency,2017-10-03,Other,60906,77,5,No
E744,35,IT,Indeed,2016-12-28,White,62181,58,6,No
E745,27,Sales,Walk-in,2021-09-01,Asian,57946,82,4,No
E746,40,IT,Indeed,2019-02-07,Asian,62721,88,6,Yes
E747,22,IT,Walk-in,2017-04-04,Hispanic,42226,81,1,No
E748,31,IT,Agency,2019-11-26,White,55171,88,3,Yes
E749,40,HR,LinkedIn,2020-11-21,Hispanic,57478,75,4,No
E750,33,Sales,Walk-in,2021-09-03,Hispanic,64577,85,7,Yes
E751,24,Operations,Indeed,2016-01-29,Asian,63551,91,6,Yes
E752,33,IT,Indeed,2021-04-23,White,55673,55,3,No
E753,47,Operations,Referral,2018-05-05,Hispanic,68173,91,8,Yes
E754,25,HR,Indeed,2019-09-26,Other,50622,81,2,No
E755,28,Sales,Indeed,2022-10-24,White,61342,81,5,No
E756,20,Operations,Walk-in,2019-05-19,Hispanic,51157,71,2,No
E757,39,HR,LinkedIn,2018-09-21,Other,68645,56,8,No
E758,33,Sales,LinkedIn,2020-11-26,White,65257,51,7,No
E759,38,HR,Walk-in,2017-08-15,Asian,66639,75,7,No
E760,24,Sales,Indeed,2018-09-13,Asian,56439,68,3,No
E761,21,Sales,Walk-in,2020-03-07,Other,45987,86,1,Yes
E762,20,HR,Indeed,2017-10-12,Other,50691,70,2,No
E763,47,IT,Walk-in,2023-02-05,Hispanic,69519,64,8,No
E764,39,Sales,Indeed,2017-09-07,Hispanic,59676,93,4,Yes
E765,23,Marketing,Agency,2020-06-02,Asian,47555,66,1,No
E766,46,Operations,Agency,2023-02-24,White,76488,60,10,No
E767,45,Sales,Indeed,2020-02-03,White,64497,80,6,No
E768,45,HR,Referral,2017-08-06,Hispanic,68978,65,8,No
E769,30,Marketing,Agency,2022-04-28,Hispanic,63913,55,6,No
E770,24,Marketing,Referral,2019-02-10,Asian,55846,71,3,No
E771,41,Marketing,Indeed,2022-11-30,Black,71062,65,9,No
E772,23,IT,Walk-in,2016-08-18,Hispanic,55057,70,3,No
E773,38,Marketing,Indeed,2022-12-31,Hispanic,64656,75,7,No
E774,22,Operations,Agency,2018-09-30,Black,41601,81,1,No
E775,20,Sales,Indeed,2018-02-24,Asian,47956,86,1,Yes
E776,26,Sales,Referral,2017-02-25,Hispanic,48908,90,2,Yes
E777,24,Marketing,Agency,2020-11-12,White,52310,70,2,No
E778,48,IT,Referral,2022-04-09,Asian,83671,71,10,No
E779,42,HR,LinkedIn,2022-09-02,White,69291,61,8,No
E780,28,Marketing,LinkedIn,2021-06-20,White,53804,77,2,No
E781,44,HR,Indeed,2022-11-19,Asian,74643,96,9,Yes
E782,43,HR,Referral,2022-07-20,Hispanic,71857,80,9,No
E783,36,Sales,Indeed,2021-08-20,Black,63398,81,6,Yes
E784,40,IT,Agency,2021-03-15,Asian,65862,69,7,No
E785,24,IT,Referral,2016-07-13,Asian,53473,87,2,Yes
E786,43,HR,Indeed,2023-01-03,Other,69043,74,8,No
E787,31,Marketing,Agency,2018-06-22,Asian,62898,69,6,No
E788,21,Marketing,LinkedIn,2022-08-01,Other,52438,55,2,No
E789,41,Sales,LinkedIn,2020-03-10,Asian,64663,70,7,No
E790,37,Marketing,Indeed,2021-01-17,Other,68772,79,8,No
E791,23,Sales,Agency,2016-01-25,Other,49908,67,2,No
E792,29,IT,Agency,2022-08-23,Black,64746,97,7,Yes
E793,34,Marketing,Indeed,2018-05-10,Hispanic,57299,93,4,Yes
E794,42,IT,Referral,2022-10-19,Black,72340,68,9,No
E795,41,Sales,Agency,2023-03-10,White,74089,91,9,Yes
E796,27,Sales,Walk-in,2017-03-09,Asian,62711,89,6,Yes
E797,20,Sales,LinkedIn,2019-01-21,Other,50439,60,2,No
E798,43,Operations,Indeed,2017-10-02,Black,72861,94,9,Yes
E799,30,Sales,Indeed,2020-12-27,Hispanic,48312,95,1,Yes
E800,24,Sales,LinkedIn,2020-06-12,Hispanic,56421,79,3,No
E801,30,HR,Walk-in,2021-02-20,Hispanic,58454,83,4,No
E802,34,IT,LinkedIn,2022-07-22,Asian,65199,55,7,No
E803,34,Marketing,Agency,2020-03-21,Other,62744,98,6,Yes
E804,44,Marketing,LinkedIn,2018-02-05,Asian,76674,61,10,No
E805,43,HR,Walk-in,2020-05-10,Black,68547,65,8,No
E806,29,Sales,Walk-in,2016-01-20,Asian,61869,78,5,No
E807,34,Sales,LinkedIn,2023-02-22,Black,61670,72,5,No
E808,34,HR,LinkedIn,2020-03-04,Hispanic,65479,95,7,Yes
E809,39,Sales,LinkedIn,2017-07-15,Other,60044,59,5,No
E810,31,Sales,Walk-in,2022-11-04,Black,62833,62,6,No
E811,28,Operations,Indeed,2022-08-15,Other,55452,74,3,No
E812,48,Sales,Referral,2021-11-27,Black,75374,78,9,Yes
E813,44,Marketing,Walk-in,2020-05-31,Other,65823,100,7,Yes
E814,23,IT,Referral,2022-10-21,Asian,56108,81,3,No
E815,22,Operations,Referral,2022-02-25,Black,67558,69,8,No
E816,26,IT,Referral,2021-10-16,White,63503,68,6,No
E817,23,Sales,LinkedIn,2021-04-15,Other,58302,87,4,Yes
E818,43,Marketing,Indeed,2018-05-27,White,66305,51,7,No
E819,27,Operations,Walk-in,2018-01-28,Other,58224,75,4,No
E820,40,IT,Agency,2020-05-30,Other,66208,63,7,No
E821,24,Sales,LinkedIn,2020-07-17,White,44274,44,1,No
E822,43,Marketing,Agency,2018-08-12,Black,68199,56,8,No
E823,25,Marketing,Walk-in,2021-07-20,Black,53417,54,2,No
E824,23,HR,Referral,2022-04-11,Hispanic,52952,89,2,Yes
E825,22,HR,Indeed,2019-02-02,Asian,49940,59,2,No
E826,30,IT,Walk-in,2017-06-05,Other,62259,83,6,No
E827,29,HR,Referral,2022-12-02,Asian,67793,80,8,No
E828,48,IT,Agency,2022-06-26,Hispanic,79178,58,10,No
E829,42,HR,Indeed,2022-10-08,White,71901,78,9,No
E830,24,Operations,Walk-in,2016-09-10,Black,54475,78,3,No
E831,43,Marketing,Walk-in,2023-03-01,Black,69779,53,8,No
E832,44,Operations,Indeed,2019-10-01,Black,75988,81,10,No
E833,30,Operations,Referral,2022-10-16,Other,65408,74,7,No
E834,29,Operations,Indeed,2017-02-04,Other,55240,66,3,No
E835,34,IT,LinkedIn,2019-09-02,Other,66949,57,7,No
E836,38,IT,Indeed,2022-04-18,White,59484,67,4,No
E837,47,HR,Walk-in,2016-12-26,White,66637,54,7,No
E838,29,IT,Walk-in,2021-02-21,Hispanic,66179,70,7,No
E839,32,Operations,LinkedIn,2022-12-26,Hispanic,60785,68,5,No
E840,46,Sales,LinkedIn,2017-07-03,Asian,71969,66,9,No
E841,43,IT,LinkedIn,2022-08-05,Asian,74295,87,9,Yes
E842,22,Sales,Referral,2019-07-03,White,51617,72,2,No
E843,37,Sales,Indeed,2022-11-09,Other,60367,68,5,No
E844,29,Sales,Walk-in,2016-06-15,White,58892,83,4,Yes
E845,27,HR,Indeed,2022-03-16,Other,48057,90,1,Yes
E846,31,IT,LinkedIn,2018-01-09,Black,57438,68,4,No
E847,29,HR,Agency,2021-11-02,Black,57416,71,4,No
E848,26,Marketing,LinkedIn,2022-11-13,Black,48587,86,1,Yes
E849,26,Marketing,Agency,2019-06-02,White,56724,75,3,No
E850,25,HR,Walk-in,2020-12-13,White,51336,75,2,No
E851,36,Marketing,Referral,2016-06-16,Asian,69370,71,8,No
E852,39,Marketing,Indeed,2020-05-13,Other,64795,71,7,No
E853,20,IT,Walk-in,2021-12-10,Black,45545,70,1,No
E854,24,Marketing,LinkedIn,2020-04-21,White,55396,79,3,No
E855,29,HR,Referral,2021-10-12,Hispanic,57934,87,4,Yes
E856,32,IT,Indeed,2019-06-04,White,60802,65,5,No
E857,29,Marketing,Walk-in,2019-09-12,Hispanic,59277,69,4,No
E858,21,Sales,LinkedIn,2019-11-09,Other,49830,63,2,No
E859,34,Sales,Indeed,2022-04-22,Black,60567,93,5,Yes
E860,42,Operations,Referral,2023-01-17,White,71840,69,9,No
E861,34,Marketing,Referral,2017-05-21,Other,70334,71,9,No
E862,27,Marketing,LinkedIn,2022-01-04,White,46972,70,1,No
E863,22,Sales,LinkedIn,2020-06-27,Hispanic,51922,40,2,No
E864,21,IT,Referral,2017-03-07,Black,56698,76,3,No
E865,25,HR,Indeed,2019-11-10,Other,49104,87,2,Yes
E866,33,Marketing,LinkedIn,2022-08-18,Asian,67234,51,8,No
E867,46,Marketing,Indeed,2021-01-02,White,69904,72,8,No
E868,34,Operations,Referral,2017-07-23,Asian,65739,86,7,Yes
E869,38,Marketing,LinkedIn,2021-12-03,Other,72769,71,9,No
E870,28,IT,Indeed,2022-09-30,Asian,61893,85,5,No
E871,42,Operations,Indeed,2018-11-28,Asian,74672,67,9,No
E872,44,IT,LinkedIn,2017-08-27,Other,59161,84,4,Yes
E873,34,IT,LinkedIn,2022-01-13,White,55833,81,3,Yes
E874,41,Marketing,Walk-in,2019-07-17,Other,70707,88,9,Yes
E875,35,IT,Indeed,2016-07-01,Black,58446,90,4,Yes
E876,27,IT,Walk-in,2019-09-01,Asian,53841,85,2,Yes
E877,48,Sales,Referral,2020-11-27,Asian,80321,84,10,Yes
E878,28,Sales,LinkedIn,2020-10-27,Asian,57982,71,4,No
E879,40,Operations,LinkedIn,2016-11-28,White,67227,72,8,No
E880,42,IT,Referral,2017-09-15,Black,67372,94,8,Yes
E881,35,Marketing,Referral,2017-07-10,Hispanic,55011,70,3,No
E882,28,HR,Indeed,2017-03-26,Black,47997,61,1,No
E883,21,Operations,Agency,2018-07-11,White,50711,63,2,No
E884,43,Sales,Referral,2020-08-14,Black,71174,88,9,Yes
E885,28,Operations,Referral,2017-05-23,Black,50805,88,2,Yes
E886,30,IT,Walk-in,2016-01-17,Black,49961,69,2,No
E887,43,Operations,LinkedIn,2019-11-27,Hispanic,75778,58,10,No
E888,30,Marketing,LinkedIn,2020-08-15,Black,61535,36,5,No
E889,23,Sales,LinkedIn,2016-10-02,Asian,55810,100,3,Yes
E890,26,Operations,Walk-in,2018-12-11,Black,60385,58,5,No
E891,43,HR,Walk-in,2020-07-13,White,72174,85,9,No
E892,37,Marketing,Agency,2016-11-29,Hispanic,59322,61,4,No
E893,47,IT,Referral,2022-09-17,White,78851,85,10,Yes
E894,30,IT,Agency,2020-07-25,Other,52613,68,2,No
E895,41,HR,Walk-in,2021-05-28,Other,65407,79,7,No
E896,20,Marketing,Referral,2019-09-23,Other,52668,65,2,No
E897,30,HR,Referral,2021-07-11,Asian,60405,77,5,No
E898,47,Sales,Indeed,2021-08-17,Hispanic,75547,68,9,No
E899,45,IT,Indeed,2022-07-01,White,75383,91,9,Yes
E900,25,Sales,Indeed,2018-12-05,Black,50952,65,2,No
E901,40,IT,LinkedIn,2020-07-02,Other,60563,64,5,No
E902,29,Marketing,Agency,2018-07-06,White,52361,42,2,No
E903,44,Sales,Indeed,2018-11-25,Asian,73072,72,9,No
E904,37,HR,LinkedIn,2021-02-12,Black,62286,79,6,No
E905,22,IT,Walk-in,2017-05-18,Hispanic,54665,66,3,No
E906,22,Marketing,LinkedIn,2016-03-07,Other,58515,61,4,No
E907,21,IT,Indeed,2020-02-10,Hispanic,48441,75,1,No
E908,45,HR,Referral,2022-05-13,White,75623,77,10,No
E909,27,Sales,Walk-in,2020-07-12,Other,53376,75,2,No
E910,47,Operations,Indeed,2017-08-21,Hispanic,75684,85,10,Yes
E911,32,Marketing,Referral,2016-12-19,Asian,60770,86,5,No
E912,27,Operations,Agency,2017-03-23,Asian,52348,64,2,No
E913,21,Operations,Agency,2022-01-24,Black,56539,65,3,No
E914,46,Sales,Walk-in,2018-06-25,Hispanic,75413,77,9,No
E915,25,IT,Agency,2022-11-16,Hispanic,50657,51,2,No
E916,42,Operations,LinkedIn,2022-02-23,Hispanic,68789,57,8,No
E917,36,HR,LinkedIn,2019-04-19,Hispanic,76412,48,10,No
E918,33,Marketing,Referral,2021-03-04,Hispanic,57641,71,4,No
E919,26,IT,Agency,2022-12-11,Black,54966,69,3,No
E920,32,IT,Referral,2019-03-31,Black,67614,69,8,No
E921,27,IT,LinkedIn,2022-06-22,Hispanic,51032,67,2,No
E922,25,Operations,LinkedIn,2017-03-29,Asian,66902,43,7,No
E923,30,IT,LinkedIn,2017-08-10,Black,55663,51,3,No
E924,29,Operations,LinkedIn,2019-07-16,Hispanic,55593,66,3,No
E925,36,Operations,Referral,2021-03-20,Asian,63607,70,6,No
E926,26,Marketing,LinkedIn,2016-11-16,White,61173,73,5,No
E927,42,HR,LinkedIn,2016-05-03,Other,84778,54,10,No
E928,31,Marketing,Walk-in,2017-07-05,White,62217,85,6,Yes
E929,47,Operations,LinkedIn,2017-02-27,Other,75698,71,10,No
E930,38,HR,Indeed,2022-03-29,Other,58532,65,4,No
E931,36,HR,Walk-in,2016-12-10,Asian,64506,74,6,No
E932,27,IT,LinkedIn,2018-08-26,Other,44801,83,1,No
E933,34,IT,Agency,2022-04-16,Asian,60909,79,5,No
E934,33,Marketing,Walk-in,2017-04-25,Hispanic,68707,64,8,No
E935,33,Sales,Agency,2019-04-13,Other,60410,52,5,No
E936,45,Operations,Referral,2022-02-08,Hispanic,70712,84,9,Yes
E937,46,IT,LinkedIn,2018-05-29,Other,71995,54,9,No
E938,36,IT,LinkedIn,2022-11-26,Asian,63181,60,6,No
E939,20,Operations,Agency,2019-08-17,Hispanic,51500,87,2,Yes
E940,37,Operations,Agency,2020-08-12,White,57044,62,3,No
E941,37,Sales,Walk-in,2021-09-02,Other,62196,66,6,No
E942,39,Sales,Referral,2020-05-17,White,64492,78,6,No
E943,46,Operations,LinkedIn,2020-12-18,White,74649,90,9,Yes
E944,29,HR,Indeed,2017-06-06,Black,59237,55,4,No
E945,29,Marketing,LinkedIn,2022-08-06,White,54407,81,3,No
E946,40,Sales,Walk-in,2018-10-18,Black,71245,70,9,No
E947,28,Marketing,LinkedIn,2021-03-25,Hispanic,63533,91,6,Yes
E948,38,Marketing,Referral,2017-05-17,Black,59003,92,4,Yes
E949,42,IT,Walk-in,2018-03-05,White,69520,69,8,No
E950,42,Operations,Walk-in,2022-10-01,Asian,64855,59,7,No
E951,37,Operations,Agency,2018-06-04,Black,61559,51,5,No
E952,37,HR,Agency,2019-12-22,Other,66699,55,7,No
E953,31,Operations,Agency,2021-12-20,Asian,64009,63,6,No
E954,31,Marketing,Agency,2016-03-30,Black,61701,52,5,No
E955,47,Sales,Referral,2016-02-16,Black,69926,75,8,No
E956,40,IT,Agency,2022-05-20,Other,72649,62,9,No
E957,48,Sales,Walk-in,2018-02-03,White,78559,100,10,Yes
E958,43,Marketing,Agency,2018-03-29,Black,64453,86,6,Yes
E959,23,Marketing,Walk-in,2017-06-30,Black,54966,78,3,No
E960,39,HR,Indeed,2023-03-07,Black,60402,62,5,No
E961,42,HR,LinkedIn,2022-04-25,White,75934,100,10,Yes
E962,29,Sales,Agency,2016-04-09,Hispanic,59550,66,4,No
E963,24,HR,Agency,2022-03-08,Black,59536,69,4,No
E964,21,HR,Indeed,2023-01-16,Black,53741,41,2,No
E965,37,Sales,LinkedIn,2022-03-18,Other,64059,86,6,Yes
E966,31,IT,Indeed,2019-07-20,Asian,63552,69,6,No
E967,32,Marketing,Indeed,2020-02-13,Hispanic,55083,55,3,No
E968,30,IT,Walk-in,2017-02-23,Other,51837,70,2,No
E969,38,IT,Walk-in,2020-09-24,Other,62244,86,6,Yes
E970,25,Operations,Agency,2019-03-15,White,56318,71,3,No
E971,37,Sales,LinkedIn,2017-01-15,Hispanic,62532,75,6,No
E972,29,Operations,LinkedIn,2022-09-04,Hispanic,55874,86,3,Yes
E973,28,Operations,Indeed,2016-07-19,White,62004,56,5,No
E974,22,Marketing,Walk-in,2018-04-10,Black,50089,66,2,No
E975,48,Sales,LinkedIn,2017-05-28,Other,78272,80,10,No
E976,41,HR,LinkedIn,2020-10-23,Asian,63935,49,6,No
E977,38,Operations,LinkedIn,2020-03-18,Other,64118,88,6,Yes
E978,27,Marketing,LinkedIn,2018-12-28,Asian,52468,54,2,No
E979,32,Operations,LinkedIn,2019-03-19,Other,58469,74,4,No
E980,20,Operations,Referral,2016-07-06,Asian,45192,61,1,No
E981,21,Sales,LinkedIn,2022-11-15,Black,54035,61,3,No
E982,47,Marketing,Referral,2019-02-26,Hispanic,78512,88,10,Yes
E983,30,Operations,Agency,2020-01-17,Hispanic,60417,67,5,No
E984,48,IT,Referral,2017-01-27,Asian,81961,84,10,No
E985,35,HR,Walk-in,2021-03-10,White,54799,50,3,No
E986,24,Operations,Referral,2021-10-28,Hispanic,50442,77,2,No
E987,40,IT,Walk-in,2020-07-03,Black,69623,66,8,No
E988,23,Sales,Agency,2017-08-20,Asian,56567,59,3,No
E989,46,IT,Referral,2020-02-20,White,73435,74,9,No
E990,42,Marketing,Referral,2021-01-24,White,77328,73,10,No
E991,22,HR,LinkedIn,2020-03-26,Asian,60977,47,5,No
E992,34,HR,Agency,2023-03-13,Black,54903,72,3,No
E993,29,Operations,Referral,2018-04-07,Other,56113,73,3,No
E994,26,Sales,Referral,2016-08-06,Asian,48630,94,1,Yes
E995,45,HR,Indeed,2016-01-09,White,65846,68,7,No
E996,26,HR,LinkedIn,2021-05-15,Asian,57041,71,3,No
E997,21,Sales,Referral,2019-12-30,Other,53557,68,2,No
E998,37,HR,LinkedIn,2022-08-04,White,60698,59,5,No
E999,37,IT,Referral,2016-12-20,Hispanic,66108,74,7,No
1000,22,IT,Agency,2017-08-18,Hispanic,48961,80,2,No
