employee_id,age,department,salary,performance_score,job_satisfaction,recruitment_source,date_hired,race,promotion
E1,33,IT,62875,61,6,Indeed,2017-07-07,White,No
E2,28,IT,48012,86,6,Indeed,2009-01-25,Black,No
E3,50,Operations,64722,59,11,Agency,2013-12-07,Hispanic,No
E4,32,Marketing,47169,71,7,LinkedIn,2013-08-23,White,No
E5,39,Marketing,47293,81,3,Agency,2019-09-02,Hispanic,No
E6,31,Sales,46010,93,6,Indeed,2011-01-31,Hispanic,No
E7,50,HR,67672,65,9,Indeed,2006-10-03,Other,Yes
E8,24,IT,45554,106,6,Indeed,2002-09-18,White,No
E9,28,Sales,53437,66,3,Referral,2003-02-02,Hispanic,Yes
10,45,Marketing,63831,98,8,Agency,2009-02-24,Asian,No
11,54,Sales,67882,54,9,Agency,2020-09-17,Hispanic,Yes
12,45,Operations,59135,88,7,Agency,2010-12-08,White,No
13,21,Marketing,51949,85,6,LinkedIn,2007-06-24,Black,Yes
14,47,Operations,61542,70,6,Agency,2014-05-04,Hispanic,No
15,52,Operations,74161,81,11,Referral,2009-07-11,Hispanic,No
16,27,Operations,43326,50,5,Indeed,2006-10-21,Hispanic,No
17,30,HR,44554,59,4,Walk-in,2017-08-25,Hispanic,No
18,46,Sales,62044,87,9,Agency,2009-03-26,Other,No
19,24,IT,38889,95,5,Agency,2010-08-28,White,No
20,44,Marketing,56966,67,5,Indeed,2011-07-20,White,No
21,25,HR,45624,76,4,Agency,2003-11-22,White,Yes
22,41,Marketing,59850,82,12,Indeed,2014-10-08,Asian,No
23,25,Marketing,44176,57,6,Referral,2009-01-15,White,No
24,27,Operations,44161,66,6,Walk-in,2003-01-13,White,No
25,38,Operations,53943,79,8,Walk-in,2012-06-04,Asian,Yes
26,36,Marketing,51021,103,12,Walk-in,2017-12-27,White,Yes
27,35,Marketing,53822,79,6,Agency,2009-09-17,Hispanic,No
28,40,HR,54871,46,9,Walk-in,2003-01-29,Hispanic,No
29,34,HR,56808,98,4,Agency,2013-04-14,Other,No
30,42,Sales,67257,96,10,Walk-in,2011-07-23,Asian,No
31,39,IT,57182,81,12,Indeed,2010-03-01,Other,No
32,31,HR,51959,74,6,Agency,2002-07-08,Asian,No
33,28,Operations,42148,65,7,Agency,2019-07-10,Other,Yes
34,15,Operations,32840,59,1,LinkedIn,2017-05-28,Other,No
35,43,Operations,68070,77,11,Walk-in,2020-01-29,Hispanic,No
36,49,IT,65733,61,4,LinkedIn,2011-06-11,White,No
37,38,Sales,62120,67,10,LinkedIn,2019-10-14,Other,No
38,38,Sales,54758,83,7,Walk-in,2005-09-22,Black,No
39,48,HR,63055,60,6,Indeed,2004-03-15,Asian,No
40,36,IT,56575,73,9,LinkedIn,2015-05-08,Hispanic,No
41,34,HR,58017,78,9,Agency,2004-03-14,Black,No
42,30,Sales,40816,60,7,Agency,2007-02-03,Other,No
43,18,Operations,38727,62,4,Indeed,2011-11-14,Asian,No
44,34,Marketing,53276,80,7,Indeed,2004-08-24,Hispanic,No
45,32,HR,53070,79,8,Walk-in,2009-09-12,Other,No
46,29,Marketing,45412,53,8,LinkedIn,2014-06-02,Hispanic,No
47,28,IT,50396,70,9,LinkedIn,2012-10-06,Hispanic,No
48,37,HR,57322,50,8,Agency,2013-08-14,Asian,No
49,28,HR,43358,83,4,Agency,2005-02-15,Other,No
50,39,HR,61679,83,6,Indeed,2020-11-09,Other,No
51,37,Sales,53710,69,6,Walk-in,2018-05-21,Black,No
52,30,Sales,47169,62,4,Walk-in,2012-05-28,White,Yes
53,46,Sales,65050,75,10,Agency,2007-03-31,Hispanic,Yes
54,32,IT,45385,92,7,Referral,2006-06-02,Other,No
55,33,Marketing,51137,92,8,Indeed,2007-10-20,Asian,No
56,29,Operations,46908,96,6,Referral,2003-08-29,Hispanic,No
57,30,Operations,49660,69,7,Walk-in,2008-11-22,Black,No
58,28,IT,45095,74,5,Agency,2011-01-28,Hispanic,No
59,43,IT,52950,85,8,Referral,2007-10-14,Other,No
60,27,Operations,34995,84,4,Referral,2012-03-13,Black,Yes
61,32,HR,53782,74,5,Indeed,2013-05-17,Asian,No
62,21,Marketing,54130,93,8,LinkedIn,2000-09-04,Black,No
63,12,HR,24267,52,1,LinkedIn,2010-11-11,White,No
64,29,IT,51569,123,6,Indeed,2013-11-28,Black,No
65,7,Marketing,33137,59,4,Indeed,2010-07-29,Hispanic,No
66,28,Sales,38347,68,4,Indeed,2007-10-01,Asian,No
67,23,Sales,41450,60,5,Indeed,2015-09-07,Hispanic,No
68,32,Marketing,44273,94,4,Indeed,2001-03-12,Hispanic,No
69,46,Operations,68929,89,10,Walk-in,2009-12-18,White,No
70,33,Operations,46667,71,6,Agency,2009-06-22,White,No
71,26,HR,26747,93,-0,Agency,2011-09-06,Black,No
72,29,IT,46080,105,6,LinkedIn,2009-06-05,White,No
73,19,Sales,31366,96,3,Indeed,2009-01-27,Asian,Yes
74,36,HR,59627,82,10,LinkedIn,2013-11-15,Asian,No
75,27,HR,46088,63,8,Walk-in,2003-02-28,White,Yes
76,21,IT,42149,43,4,Agency,2005-01-07,Black,No
77,41,Sales,57387,99,6,Walk-in,2018-09-24,Asian,No
78,39,IT,61409,94,9,Walk-in,2012-04-14,Black,No
79,11,HR,40790,91,4,Walk-in,2003-12-19,Black,Yes
80,30,Operations,51924,73,7,LinkedIn,2008-11-17,White,No
81,31,HR,46973,44,7,Agency,2011-10-11,Hispanic,Yes
82,15,IT,37351,74,6,LinkedIn,2004-08-22,Other,Yes
83,38,Sales,44218,75,4,Indeed,2020-03-22,Black,No
84,39,Sales,56185,53,1,Agency,2014-02-28,Black,No
85,33,Operations,58848,92,11,Referral,2002-05-08,Black,No
86,38,Sales,56299,79,11,Referral,2001-07-31,White,No
87,36,IT,60215,60,7,Walk-in,2009-08-05,Other,No
88,41,HR,59292,95,8,LinkedIn,2018-09-20,Black,Yes
89,39,IT,49572,92,8,Referral,2007-11-22,Other,No
90,20,IT,36599,85,5,Agency,2011-12-31,Other,No
91,33,Marketing,54596,74,7,Indeed,2009-07-03,Hispanic,No
92,28,IT,53145,66,6,Walk-in,2018-08-24,Hispanic,No
93,22,Marketing,37967,73,4,Walk-in,2007-10-11,White,Yes
94,20,HR,40358,64,3,Walk-in,2004-05-06,Asian,Yes
95,28,Sales,48183,81,11,Referral,2018-03-24,Black,No
96,5,HR,33542,80,3,Referral,2003-02-25,Hispanic,No
97,26,Marketing,45182,81,3,Walk-in,2001-11-25,Other,No
98,34,Operations,50262,99,5,Referral,2013-12-12,Hispanic,No
99,25,Sales,45268,74,8,Indeed,2013-03-19,Hispanic,No
100,29,Operations,43890,68,1,Indeed,2006-02-08,Asian,No
101,29,HR,61269,60,11,LinkedIn,2005-05-17,Hispanic,No
102,47,HR,61547,66,9,Referral,2007-09-16,Asian,No
103,37,Marketing,59872,74,5,Referral,2019-03-10,Hispanic,No
104,27,IT,44538,86,6,Referral,2019-08-17,Black,No
105,34,Sales,60350,94,5,Walk-in,2011-12-02,Asian,Yes
106,23,Marketing,43270,66,5,Referral,2018-04-21,White,No
107,45,IT,54816,93,10,Referral,2012-02-16,Asian,No
108,27,Sales,43780,89,8,Walk-in,2009-01-06,Black,No
109,4,IT,31505,92,1,Agency,2016-06-11,Asian,No
110,39,HR,53854,74,8,Walk-in,2003-01-04,Other,No
111,42,Operations,48699,90,4,Indeed,2018-09-06,Asian,No
112,53,HR,75346,86,11,Indeed,2002-07-23,Asian,Yes
113,44,HR,50931,82,10,LinkedIn,2017-12-11,Asian,No
114,38,Operations,48709,80,6,Indeed,2009-08-22,Black,No
115,43,Marketing,59979,65,10,Indeed,2001-11-20,Asian,No
116,34,IT,57016,70,9,Agency,2003-08-06,White,No
117,7,Operations,36772,85,3,Indeed,2001-12-09,White,No
118,25,HR,43055,68,10,LinkedIn,2006-03-03,Hispanic,No
119,18,Operations,40938,69,6,LinkedIn,2016-11-22,Hispanic,No
120,31,HR,56709,52,11,Indeed,2016-06-17,Asian,No
121,37,Operations,68593,91,12,Referral,2018-11-13,Black,No
122,55,Operations,67036,76,7,Agency,2013-08-16,Black,No
123,37,HR,40350,53,5,Walk-in,2017-11-01,Asian,Yes
124,47,Marketing,57072,97,13,Agency,2010-02-16,Asian,No
125,44,HR,53035,70,5,Indeed,2011-05-14,Other,Yes
126,13,Marketing,28296,57,5,Indeed,2018-10-04,Black,Yes
127,51,IT,76445,106,11,Indeed,2019-11-23,Asian,No
128,46,Marketing,57115,84,9,Agency,2002-03-20,Asian,Yes
129,27,Sales,42587,94,4,LinkedIn,2006-06-18,Other,No
130,27,Marketing,55297,83,8,Referral,2005-08-29,Black,No
131,46,Operations,65090,91,8,Indeed,2014-04-21,Black,No
132,30,Operations,49936,70,9,LinkedIn,2004-01-24,Hispanic,No
133,28,HR,44730,87,5,Referral,2019-07-16,Asian,No
134,41,IT,63610,85,9,LinkedIn,2007-07-20,Hispanic,No
135,35,Marketing,48948,92,6,Indeed,2019-08-09,White,No
136,45,Sales,65471,80,7,Agency,2000-12-31,Asian,No
137,32,IT,50797,87,3,Referral,2010-11-13,White,Yes
138,32,Sales,43945,93,7,Agency,2011-11-25,White,Yes
139,17,Operations,37933,74,7,Referral,2011-11-29,Hispanic,No
140,38,HR,61220,64,11,Walk-in,2001-03-10,Black,No
141,23,HR,33320,86,4,Indeed,2019-04-16,White,No
142,36,Operations,59392,81,11,Walk-in,2006-04-18,Other,No
143,34,Operations,61319,75,10,Walk-in,2005-08-11,White,No
144,36,Operations,51419,93,5,Referral,2001-07-24,Asian,No
145,21,Operations,49199,95,8,Referral,2000-09-30,Black,No
146,21,Sales,44258,77,5,Referral,2010-12-09,Black,No
147,23,HR,47443,73,9,Walk-in,2019-07-22,Asian,No
148,26,Operations,49852,57,9,Agency,2000-02-18,Other,Yes
149,24,Marketing,43969,59,5,Referral,2000-07-27,Asian,Yes
150,32,HR,52754,80,6,Walk-in,2000-09-20,Hispanic,No
151,23,Marketing,41476,78,2,Walk-in,2005-05-30,Asian,Yes
152,26,IT,40341,92,4,Agency,2008-01-07,Black,No
153,24,Marketing,37898,98,6,LinkedIn,2018-01-06,Black,No
154,40,Sales,61200,67,9,Referral,2000-05-16,Black,No
155,45,Operations,67764,71,12,Indeed,2008-12-06,Black,Yes
156,31,Operations,42399,69,4,Indeed,2005-01-14,White,No
157,26,Marketing,56376,90,9,LinkedIn,2008-04-07,Hispanic,No
158,32,Marketing,45031,92,4,Walk-in,2008-10-20,Other,Yes
159,37,IT,50512,77,8,LinkedIn,2014-03-18,Black,No
160,35,Operations,55546,83,8,Referral,2007-02-20,Asian,No
161,26,Operations,42619,62,2,Agency,2013-12-09,Other,No
162,26,HR,44163,93,6,Referral,2000-01-16,Black,No
163,33,Marketing,42072,59,9,Indeed,2004-03-06,Black,No
164,31,IT,55427,101,9,Agency,2004-01-29,Asian,No
165,27,HR,46244,66,4,LinkedIn,2017-03-01,Black,No
166,34,Sales,50775,89,13,Referral,2015-12-04,Black,No
167,16,Operations,42139,84,12,Walk-in,2000-09-13,Asian,No
168,11,HR,34880,96,5,Referral,2009-05-08,White,No
169,20,Operations,44324,78,7,Walk-in,2013-02-24,Other,No
170,40,HR,58123,90,7,LinkedIn,2009-04-27,Hispanic,Yes
171,38,Sales,54031,80,5,Referral,2004-10-08,Other,Yes
172,27,Marketing,52592,68,8,Referral,2006-09-10,Hispanic,No
173,33,Marketing,64433,73,11,Agency,2012-11-29,Hispanic,Yes
174,27,Marketing,52871,112,8,Referral,2002-09-11,Black,No
175,56,Marketing,60426,93,12,Indeed,2013-05-10,White,Yes
176,33,Operations,38826,98,4,Referral,2016-02-16,Other,No
177,42,Operations,55621,63,10,Indeed,2010-11-24,Asian,No
178,26,Sales,33645,121,2,Agency,2004-06-28,White,Yes
179,43,HR,56855,115,8,Referral,2005-05-23,Hispanic,No
180,32,HR,48144,55,8,Indeed,2007-02-04,Asian,Yes
181,15,Sales,43555,49,7,Indeed,2009-06-02,Hispanic,No
182,22,Sales,40213,69,9,Referral,2017-04-14,Black,Yes
183,43,Sales,66913,80,11,LinkedIn,2001-11-02,Hispanic,Yes
184,41,IT,60965,94,8,Referral,2012-02-28,Other,No
185,42,IT,54235,89,11,Indeed,2014-06-22,White,No
186,37,Marketing,61708,87,10,Referral,2017-12-17,Other,No
187,30,Sales,43587,86,4,Agency,2010-02-09,White,Yes
188,38,HR,50918,50,6,LinkedIn,2013-05-30,Other,Yes
189,33,Operations,50038,74,6,LinkedIn,2001-02-01,Asian,No
190,26,Marketing,55642,64,7,Agency,2013-05-23,Hispanic,No
191,37,Sales,59004,78,8,LinkedIn,2003-09-14,Asian,Yes
192,46,Marketing,68600,83,8,Referral,2005-11-27,Asian,No
193,28,Operations,42362,82,6,Agency,2002-11-04,Other,Yes
194,38,Marketing,62484,86,9,Walk-in,2011-08-11,White,No
195,20,Marketing,39925,88,5,Walk-in,2009-07-31,Hispanic,No
196,33,Sales,56205,88,7,Walk-in,2018-01-08,White,No
197,32,HR,51875,69,4,Referral,2004-12-12,Hispanic,No
198,39,IT,57618,94,9,Referral,2001-11-22,Asian,No
199,21,Marketing,46520,83,3,Indeed,2010-02-11,White,No
200,8,Sales,32160,58,4,LinkedIn,2014-05-19,White,No
201,24,Operations,45209,64,7,Referral,2002-07-12,Hispanic,No
202,37,Operations,60359,80,6,Walk-in,2017-02-11,Asian,No
203,29,Operations,48000,85,5,Referral,2017-08-05,Other,Yes
204,47,IT,64970,59,12,Indeed,2008-08-20,Hispanic,Yes
205,31,Marketing,58684,53,4,Indeed,2012-05-26,Hispanic,No
206,40,HR,58443,56,10,Walk-in,2001-07-21,Black,No
207,17,Operations,32507,56,4,LinkedIn,2012-11-06,Other,No
208,39,Operations,57216,53,8,LinkedIn,2019-02-12,Other,No
209,34,Marketing,45515,80,2,Walk-in,2005-08-28,Black,No
210,26,Sales,45664,101,2,Walk-in,2003-03-01,Other,Yes
211,26,HR,49828,74,5,Indeed,2011-04-13,Hispanic,No
212,31,HR,33323,96,-0,Referral,2009-11-21,Hispanic,No
213,34,Operations,44099,67,4,Walk-in,2013-05-12,White,No
214,37,IT,50812,97,7,Referral,2015-03-19,Other,No
215,42,Sales,57697,56,9,LinkedIn,2016-01-29,Hispanic,No
216,19,Marketing,43242,89,6,Referral,2007-06-30,Black,No
217,37,IT,61175,61,10,Indeed,2009-11-28,Black,No
218,2,Marketing,16848,110,0,Agency,2013-06-22,Hispanic,Yes
219,16,HR,46375,79,10,LinkedIn,2008-10-19,Hispanic,No
220,41,Sales,55121,96,11,Agency,2001-08-16,White,No
221,19,IT,36694,75,2,Referral,2000-04-01,Hispanic,No
222,39,IT,63933,53,10,LinkedIn,2014-10-30,Hispanic,No
223,53,Marketing,66359,89,14,Agency,2013-12-08,White,No
224,41,Marketing,53061,84,11,Indeed,2009-04-28,White,No
225,42,Marketing,60946,67,6,Agency,2009-09-24,Hispanic,No
226,36,Sales,49677,67,6,Walk-in,2006-11-19,Black,No
227,38,Sales,56906,98,10,Referral,2009-10-26,Other,No
228,34,IT,43088,106,6,LinkedIn,2016-09-20,White,Yes
229,34,Marketing,48310,71,8,LinkedIn,2017-07-03,Asian,No
230,22,HR,36693,76,1,Referral,2006-06-24,Other,No
231,30,Operations,49978,76,8,Walk-in,2008-04-19,White,Yes
232,34,Marketing,56753,66,9,Referral,2018-04-11,Black,Yes
233,27,HR,39969,69,6,LinkedIn,2017-11-16,Asian,No
234,5,HR,26440,64,1,LinkedIn,2017-07-22,White,Yes
235,43,HR,61829,68,9,Walk-in,2005-10-28,Other,No
236,17,IT,49142,72,8,Walk-in,2004-04-11,Asian,No
237,27,Operations,48126,96,8,LinkedIn,2015-06-11,Hispanic,Yes
238,19,HR,40939,101,5,Referral,2003-06-21,Asian,No
239,35,HR,47995,59,6,Walk-in,2015-04-29,Black,No
240,11,IT,37564,56,5,LinkedIn,2011-02-11,Black,Yes
241,43,Operations,55469,72,8,Indeed,2008-09-18,Asian,No
242,34,Operations,51847,79,7,Indeed,2020-01-28,Hispanic,No
243,19,HR,44393,78,7,Agency,2001-05-20,Black,No
244,22,IT,32676,100,7,Referral,2018-07-11,Other,No
245,39,Marketing,45816,77,8,Indeed,2016-03-23,White,Yes
246,23,Sales,49088,88,8,Agency,2019-11-12,Black,No
247,35,IT,59715,96,11,Agency,2002-08-07,Black,No
248,43,Sales,61706,78,9,Walk-in,2003-07-20,Black,No
249,19,Operations,37133,66,6,LinkedIn,2007-08-02,Hispanic,No
250,34,Operations,47493,85,4,Agency,2009-05-22,Asian,Yes
251,42,Marketing,55780,94,9,Indeed,2002-07-02,Asian,No
252,20,IT,45723,86,3,Agency,2001-08-30,White,Yes
253,42,Sales,60219,50,7,Agency,2007-07-08,Black,No
254,25,HR,43560,78,5,Referral,2008-12-04,White,Yes
255,28,Marketing,48370,75,7,LinkedIn,2013-09-06,Black,No
256,48,Marketing,59769,94,9,Referral,2004-08-10,Hispanic,Yes
257,26,HR,33891,56,6,LinkedIn,2016-12-17,Hispanic,Yes
258,21,Marketing,35745,89,3,Referral,2019-06-13,Black,No
259,36,Sales,57074,75,8,Indeed,2002-01-14,Asian,Yes
260,27,Operations,43940,50,11,LinkedIn,2009-12-02,Asian,No
261,25,Operations,49506,82,8,Walk-in,2004-08-19,Black,No
262,37,Sales,52510,74,8,Indeed,2019-04-08,Hispanic,No
263,32,Operations,39803,45,5,Walk-in,2016-05-05,White,No
264,27,Marketing,56894,83,7,LinkedIn,2010-12-31,Black,No
265,32,Operations,50922,82,9,Referral,2012-02-09,Asian,No
266,28,IT,50183,69,6,Referral,2008-03-21,Asian,No
267,32,Marketing,49635,71,10,Indeed,2005-01-31,Other,No
268,41,HR,56282,90,8,Indeed,2013-12-11,Black,No
269,26,Marketing,37894,58,5,Agency,2000-03-18,Other,No
270,28,Operations,43160,66,5,LinkedIn,2007-07-25,Hispanic,No
271,31,Marketing,56953,59,6,Agency,2001-01-01,Other,No
272,20,IT,36680,103,7,Indeed,2004-05-21,White,Yes
273,39,HR,50662,71,9,Walk-in,2002-02-11,Other,No
274,30,Operations,38647,64,3,Indeed,2013-02-05,Hispanic,No
275,33,IT,62172,79,10,Indeed,2009-12-29,Asian,No
276,12,Marketing,35087,90,4,Agency,2007-05-28,White,No
277,35,Marketing,51993,63,8,Indeed,2019-01-13,Other,No
278,27,Marketing,46290,57,5,LinkedIn,2016-01-10,Hispanic,No
279,45,IT,52607,63,6,Agency,2002-01-17,Hispanic,Yes
280,35,Marketing,55451,65,6,LinkedIn,2012-11-11,Hispanic,No
281,36,Operations,45062,104,7,Walk-in,2002-11-13,Hispanic,No
282,38,IT,50842,76,4,LinkedIn,2005-05-03,Other,No
283,45,Operations,60447,79,10,Walk-in,2010-09-14,Black,No
284,44,Sales,63646,81,10,LinkedIn,2002-09-30,Black,No
285,18,HR,36873,26,4,LinkedIn,2000-03-10,Hispanic,No
286,41,Operations,59359,96,9,Walk-in,2006-07-11,Hispanic,No
287,33,Sales,58828,86,12,Indeed,2008-03-06,Black,No
288,37,IT,45418,71,3,Agency,2003-10-08,Black,No
289,43,IT,56280,75,9,Walk-in,2015-08-06,Asian,No
290,29,Sales,54374,90,8,Referral,2000-07-10,Black,No
291,33,IT,52081,65,6,Agency,2006-12-04,Asian,No
292,47,Sales,56131,50,8,Indeed,2005-06-09,White,No
293,21,HR,40729,77,4,Referral,2001-03-28,Other,Yes
294,26,Sales,42024,67,4,Indeed,2000-05-09,Hispanic,No
295,22,Sales,34267,106,-1,Referral,2007-04-15,Asian,No
296,46,IT,67374,89,9,Referral,2001-12-30,Other,No
297,39,Marketing,53460,80,9,Agency,2004-11-06,White,No
298,20,HR,39009,66,8,LinkedIn,2010-06-11,Other,No
299,33,Marketing,39977,58,7,Referral,2006-03-10,Hispanic,No
300,31,HR,57141,84,8,Walk-in,2020-05-05,Other,No
301,48,HR,69083,72,8,LinkedIn,2002-01-29,Asian,Yes
302,30,Marketing,45546,78,6,Referral,2010-02-05,Hispanic,No
303,34,IT,47759,84,5,Referral,2014-12-07,Other,No
304,18,HR,43511,91,4,Referral,2018-05-17,Hispanic,No
305,39,Marketing,48467,94,6,Indeed,2017-12-04,White,No
306,27,IT,43880,96,5,LinkedIn,2006-01-25,Asian,No
307,34,Operations,55909,82,8,Indeed,2003-10-12,White,No
308,40,Marketing,58386,95,8,Referral,2015-12-18,Hispanic,No
309,48,IT,60030,62,2,Agency,2001-03-02,Asian,No
310,29,HR,37213,75,2,Referral,2012-07-19,Other,No
311,23,Operations,36651,78,5,LinkedIn,2008-02-23,Hispanic,No
312,43,Operations,54394,71,10,Agency,2010-03-27,White,Yes
313,41,Marketing,62263,85,9,Agency,2016-03-18,White,Yes
314,32,Sales,51114,73,8,Referral,2009-10-02,Hispanic,No
315,24,IT,45850,106,9,Referral,2020-10-11,Hispanic,No
316,29,IT,47642,67,9,Walk-in,2005-11-03,White,Yes
317,28,HR,42732,69,2,Walk-in,2017-02-14,Hispanic,No
318,14,HR,35299,56,-0,LinkedIn,2013-01-22,Other,No
319,37,Marketing,54538,92,10,Agency,2007-01-01,Hispanic,No
320,37,HR,67144,89,9,Referral,2012-03-22,Black,No
321,45,IT,61424,84,12,LinkedIn,2000-07-21,Black,Yes
322,19,Operations,20367,102,2,LinkedIn,2006-07-06,Other,No
323,26,Marketing,45727,57,5,Agency,2015-08-13,Other,No
324,29,IT,45809,69,5,LinkedIn,2020-04-28,Hispanic,No
325,39,HR,47505,65,7,Walk-in,2006-06-10,Hispanic,No
326,34,IT,48018,62,5,LinkedIn,2014-09-30,Other,No
327,35,Marketing,47317,45,4,LinkedIn,2013-11-30,White,Yes
328,32,Sales,46801,91,10,Referral,2010-01-15,Black,No
329,18,Marketing,47429,41,7,Agency,2018-07-07,Other,No
330,52,HR,63608,45,12,Walk-in,2009-01-29,White,No
331,36,Marketing,56325,103,7,Walk-in,2007-07-09,White,Yes
332,20,Sales,31402,68,4,Indeed,2014-01-25,Black,No
333,46,HR,59665,77,10,Agency,2004-12-03,Asian,No
334,20,Operations,50102,60,6,Referral,2015-12-05,Asian,No
335,26,Sales,50600,64,8,Walk-in,2005-12-12,Hispanic,No
336,35,Sales,44517,73,4,LinkedIn,2015-09-12,Hispanic,No
337,43,Operations,60675,88,8,Agency,2017-10-06,Hispanic,No
338,24,HR,42499,68,5,Walk-in,2002-03-15,Asian,Yes
339,28,HR,47260,87,7,Referral,2018-07-20,Asian,Yes
340,21,Operations,44575,101,6,Referral,2000-06-28,White,Yes
341,22,Sales,39760,73,2,Walk-in,2015-08-26,Hispanic,No
342,22,Marketing,39839,81,3,Indeed,2012-08-27,White,No
343,32,Marketing,45182,75,5,Walk-in,2007-06-17,Black,No
344,38,IT,67075,97,8,Walk-in,2002-08-23,Asian,Yes
345,48,Sales,70987,81,13,Walk-in,2005-10-15,Asian,No
346,38,Sales,44605,80,4,Referral,2001-11-19,Hispanic,No
347,29,Operations,45285,38,6,Walk-in,2019-03-04,Other,No
348,13,IT,32298,58,5,Agency,2019-11-15,White,No
349,32,HR,47938,79,5,LinkedIn,2008-10-06,Other,Yes
350,37,Operations,43260,87,4,Indeed,2004-06-26,Hispanic,Yes
351,32,IT,46306,79,7,Referral,2011-04-15,Hispanic,No
352,33,Operations,61220,60,7,Agency,2010-10-31,Black,Yes
353,26,HR,50055,67,8,Walk-in,2007-06-19,Hispanic,No
354,39,Operations,47140,84,4,Agency,2020-02-01,Hispanic,No
355,34,Operations,50032,107,8,Walk-in,2020-01-14,Asian,No
356,26,IT,47492,95,9,Walk-in,2005-06-15,White,No
357,31,IT,46079,80,6,Agency,2018-08-21,Black,Yes
358,28,IT,52051,76,3,Indeed,2011-10-24,Black,No
359,28,Sales,41617,63,6,Referral,2006-04-06,White,No
360,36,HR,50634,98,10,Referral,2014-11-29,Hispanic,Yes
361,42,Marketing,60555,69,10,Referral,2011-03-07,Other,No
362,37,HR,55798,79,12,Walk-in,2002-12-12,Hispanic,Yes
363,30,Sales,51408,53,6,LinkedIn,2000-07-28,Asian,No
364,34,Marketing,58375,92,10,Walk-in,2006-07-17,Black,No
365,29,IT,53182,53,8,Agency,2014-12-08,Black,Yes
366,19,HR,39063,68,4,LinkedIn,2011-07-08,Asian,No
367,42,Operations,47445,65,6,Walk-in,2014-11-06,Other,No
368,17,Operations,29762,88,3,Walk-in,2015-06-12,Black,No
369,35,HR,49328,67,7,Indeed,2002-12-04,White,No
370,30,IT,48019,71,4,LinkedIn,2017-10-03,Asian,No
371,13,Operations,37065,90,1,Walk-in,2007-01-10,Hispanic,Yes
372,38,HR,62647,77,9,Agency,2014-10-29,Other,No
373,37,Sales,67605,67,13,Walk-in,2009-03-22,Hispanic,No
374,31,IT,55957,64,9,Referral,2016-06-24,Hispanic,No
375,24,HR,42006,67,1,Indeed,2005-12-22,Other,No
376,44,Sales,60559,81,7,Indeed,2004-10-17,Hispanic,No
377,20,Marketing,48628,93,4,Referral,2014-02-26,Asian,No
378,36,Marketing,41882,76,6,Indeed,2015-02-14,Black,No
379,32,Marketing,56632,94,9,Referral,2019-11-02,Asian,No
380,14,HR,37626,87,5,Agency,2002-01-06,Asian,No
381,14,IT,39336,69,8,Walk-in,2016-12-13,Hispanic,No
382,45,IT,55767,80,13,Agency,2004-01-02,White,No
383,26,Sales,49792,58,4,LinkedIn,2016-05-09,Other,No
384,23,Marketing,45801,68,5,Indeed,2015-04-30,Hispanic,No
385,41,HR,63086,80,11,LinkedIn,2013-05-21,Asian,No
386,22,Operations,46155,91,4,Indeed,2004-08-18,Other,No
387,18,IT,40078,84,4,Agency,2013-12-25,Black,No
388,32,HR,51006,58,9,Indeed,2000-02-23,Asian,Yes
389,25,Marketing,35991,84,1,Agency,2006-05-28,Black,No
390,27,Marketing,52930,72,5,Walk-in,2003-01-05,White,Yes
391,34,Operations,48593,102,5,Walk-in,2000-04-24,Other,Yes
392,33,Sales,57347,81,9,Referral,2009-11-30,White,No
393,30,HR,42730,56,8,Walk-in,2013-09-19,Asian,No
394,28,Sales,42983,47,7,Referral,2016-04-06,Other,No
395,15,Operations,32298,51,1,LinkedIn,2016-06-07,Black,Yes
396,42,HR,67279,88,10,Agency,2001-02-21,White,No
397,24,Marketing,35781,80,5,LinkedIn,2010-02-12,White,No
398,17,Operations,25310,70,4,Indeed,2013-11-23,Black,No
399,43,IT,69898,83,10,Indeed,2008-08-26,Black,No
400,16,HR,36478,61,3,Indeed,2012-01-10,Hispanic,No
401,24,HR,38743,64,1,Agency,2005-01-09,Hispanic,No
402,33,Sales,64566,78,9,Referral,2001-06-14,Black,No
403,36,IT,50152,80,5,Agency,2002-10-28,White,No
404,25,Marketing,38568,83,4,LinkedIn,2012-05-31,White,No
405,20,IT,37816,61,8,LinkedIn,2006-06-09,Hispanic,No
406,28,HR,59100,74,8,Referral,2007-12-27,Black,No
407,26,Marketing,38311,70,6,LinkedIn,2019-04-23,Asian,No
408,26,Marketing,41757,68,4,Indeed,2002-11-30,Hispanic,No
409,41,Marketing,53740,52,7,Agency,2001-08-28,Black,Yes
410,33,Sales,48019,78,8,Walk-in,2018-08-31,Other,No
411,43,Operations,54664,86,9,Referral,2007-02-06,Black,No
412,31,Marketing,56797,96,9,Referral,2013-10-20,Other,No
413,43,Marketing,59174,75,9,Walk-in,2009-12-27,Black,No
414,30,HR,46544,63,4,Walk-in,2011-05-08,Black,No
415,9,Marketing,25032,91,6,Indeed,2011-01-25,Other,No
416,28,IT,49648,77,10,Walk-in,2018-06-14,White,No
417,31,IT,53955,59,9,Walk-in,2006-06-30,Asian,Yes
418,32,IT,48233,82,9,Agency,2008-03-05,White,No
419,29,Sales,51493,91,4,Referral,2008-05-04,Other,No
420,20,Operations,34808,90,1,Referral,2015-03-06,Other,Yes
421,35,Operations,61010,79,10,LinkedIn,2009-12-25,Hispanic,No
422,27,Marketing,44324,38,6,Walk-in,2017-12-30,Asian,No
423,30,HR,42509,77,5,Referral,2006-05-20,Other,Yes
424,19,IT,40565,91,1,Referral,2003-07-03,Black,No
425,46,IT,46915,59,6,Walk-in,2009-10-20,Hispanic,Yes
426,29,HR,43978,40,6,Walk-in,2006-12-28,Hispanic,No
427,34,Operations,57999,68,10,LinkedIn,2006-04-09,Other,No
428,46,Sales,65028,51,11,Referral,2014-03-31,White,No
429,43,Operations,61414,56,11,Agency,2006-05-12,Asian,No
430,25,Operations,43387,58,3,LinkedIn,2001-01-20,Other,Yes
431,35,Sales,58838,60,11,Indeed,2005-01-30,Other,No
432,46,Sales,62770,90,10,LinkedIn,2005-09-12,Black,No
433,29,HR,52492,55,5,LinkedIn,2014-03-15,Other,No
434,52,Operations,67187,69,15,Indeed,2007-06-25,Black,Yes
435,41,Sales,53694,69,5,Agency,2016-04-09,Hispanic,No
436,36,Marketing,50511,95,5,Referral,2007-06-13,Black,No
437,34,IT,50099,80,5,Indeed,2000-06-16,Hispanic,No
438,21,Sales,43612,82,4,LinkedIn,2009-08-15,Hispanic,Yes
439,16,Operations,35303,56,3,Walk-in,2009-12-21,Asian,No
440,9,Marketing,34473,69,1,Agency,2019-10-19,Other,No
441,39,Marketing,65247,76,18,Referral,2016-05-02,Hispanic,No
442,9,Operations,28668,63,-3,Referral,2019-01-07,Other,No
443,45,IT,60337,76,5,LinkedIn,2003-07-14,Other,No
444,41,Marketing,54799,87,6,Agency,2000-03-31,Asian,No
445,40,Operations,52117,78,7,Walk-in,2018-03-18,White,Yes
446,28,Marketing,58041,96,10,LinkedIn,2018-12-25,Asian,No
447,25,Operations,36385,68,4,Walk-in,2007-07-06,Black,No
448,19,Marketing,47581,76,7,Agency,2004-08-06,Black,No
449,25,Sales,46457,70,3,Agency,2005-02-10,Hispanic,No
450,43,IT,51986,75,5,Indeed,2013-08-05,White,No
451,51,Sales,56258,81,7,Indeed,2000-12-25,Black,No
452,23,Operations,41228,80,6,Walk-in,2003-03-03,Hispanic,No
453,29,HR,48598,48,11,Agency,2011-02-20,White,Yes
454,33,Sales,52667,88,8,LinkedIn,2003-10-27,Other,No
455,34,Sales,46205,79,5,Walk-in,2005-01-15,Other,No
456,29,Marketing,43407,49,1,LinkedIn,2013-04-22,Hispanic,No
457,35,Sales,56502,81,7,Indeed,2008-11-26,Asian,No
458,34,Marketing,57315,60,12,Agency,2017-04-08,Other,No
459,27,HR,50564,78,7,Agency,2014-09-03,White,Yes
460,30,HR,40754,84,6,Agency,2017-05-03,Black,No
461,41,Marketing,70338,58,11,Indeed,2015-10-23,White,No
462,15,Operations,32194,87,2,LinkedIn,2002-12-13,Black,No
463,35,HR,59594,37,6,LinkedIn,2001-12-08,Other,Yes
464,36,IT,56008,76,9,Walk-in,2009-03-17,Black,No
465,26,Operations,38628,83,5,Indeed,2000-03-05,Asian,No
466,16,Operations,41756,90,4,Indeed,2003-02-17,Asian,No
467,23,IT,47847,67,5,Indeed,2008-07-13,Other,No
468,21,Sales,50869,74,7,LinkedIn,2003-12-30,Asian,No
469,22,Operations,43872,73,6,Walk-in,2014-10-16,Asian,No
470,51,Operations,58508,79,7,Walk-in,2016-01-18,Other,No
471,44,IT,68028,88,9,Referral,2000-10-05,Black,Yes
472,37,HR,51001,72,6,Walk-in,2005-12-04,White,Yes
473,19,Sales,44238,67,3,Referral,2015-07-20,Hispanic,No
474,54,Sales,65245,87,9,Indeed,2004-10-16,Other,Yes
475,45,Sales,55441,88,7,Referral,2000-04-17,Other,Yes
476,51,Marketing,75608,43,13,Walk-in,2015-10-25,Other,No
477,28,Sales,39084,81,3,Walk-in,2007-11-21,Other,No
478,42,Operations,67932,63,10,Walk-in,2004-01-09,Hispanic,No
479,10,Marketing,35747,68,7,Referral,2009-10-14,Hispanic,No
480,49,IT,69849,71,12,Walk-in,2004-08-01,Asian,No
481,27,Operations,44794,57,7,Agency,2004-02-10,White,Yes
482,40,Marketing,51233,64,10,Referral,2003-09-05,Asian,No
483,30,IT,53901,101,6,Referral,2008-12-24,Asian,No
484,44,HR,74103,98,8,Referral,2007-10-23,Other,No
485,35,Operations,52302,92,13,Referral,2005-01-29,Hispanic,No
486,26,IT,51662,73,5,LinkedIn,2000-12-16,Asian,Yes
487,15,IT,39452,68,6,Agency,2000-06-11,Hispanic,No
488,14,HR,34704,107,4,Walk-in,2017-02-26,Asian,No
489,25,Operations,44561,84,5,Referral,2013-02-13,Black,No
490,34,Marketing,46831,55,6,Indeed,2016-01-31,Hispanic,No
491,32,Marketing,53621,84,10,Referral,2014-07-28,Other,No
492,47,Sales,56849,71,13,LinkedIn,2019-11-29,Hispanic,Yes
493,28,IT,49875,85,5,Referral,2007-05-25,Asian,No
494,38,Operations,59665,39,6,Walk-in,2011-06-07,White,Yes
495,17,Sales,32868,66,5,LinkedIn,2003-09-04,Black,No
496,19,Operations,40269,103,9,Referral,2014-05-13,Hispanic,Yes
497,38,Sales,56635,88,11,LinkedIn,2011-06-26,White,No
498,40,IT,66784,88,10,LinkedIn,2009-02-02,Other,Yes
499,29,Marketing,60877,72,9,Agency,2011-05-26,Asian,No
500,42,Sales,61083,69,10,LinkedIn,2010-10-26,White,No
501,31,HR,56480,54,9,Agency,2005-06-30,Hispanic,No
502,27,IT,45746,85,5,Referral,2018-05-16,Black,Yes
503,28,Marketing,49341,46,6,Walk-in,2020-03-19,Hispanic,No
504,18,IT,32404,95,4,Referral,2002-05-12,Asian,No
505,9,IT,34436,101,9,Agency,2013-01-23,Hispanic,Yes
506,35,HR,52855,72,7,Walk-in,2001-01-25,Black,No
507,35,Sales,44596,67,5,LinkedIn,2001-10-29,Other,No
508,27,IT,40469,66,2,Referral,2004-07-28,Asian,No
509,50,Sales,68913,80,9,Referral,2011-02-28,Asian,No
510,36,IT,50241,51,8,LinkedIn,2020-03-02,White,No
511,51,Sales,62331,86,12,Agency,2003-02-20,Asian,Yes
512,37,HR,45794,87,6,Agency,2002-11-23,Black,No
513,27,Sales,34514,69,3,Walk-in,2002-10-19,Hispanic,No
514,19,Sales,44137,78,2,Referral,2004-12-31,White,No
515,46,Operations,65813,72,11,Indeed,2009-04-10,White,Yes
516,40,Operations,45894,68,7,Agency,2015-06-28,Hispanic,Yes
517,32,Marketing,54105,68,11,Agency,2008-03-24,White,No
518,33,IT,46418,89,5,Walk-in,2004-09-18,White,No
519,13,Sales,37308,79,2,Agency,2003-10-09,Other,No
520,19,Operations,30630,80,1,LinkedIn,2007-09-02,Hispanic,No
521,34,HR,42707,68,6,Walk-in,2016-04-05,Other,No
522,39,HR,70522,66,12,LinkedIn,2016-07-24,Hispanic,Yes
523,35,Sales,46444,78,8,Agency,2012-07-05,Hispanic,No
524,32,Marketing,51750,58,6,Agency,2010-10-05,Hispanic,No
525,17,Sales,46553,55,3,LinkedIn,2004-08-05,White,No
526,23,Sales,48735,55,6,Referral,2010-07-27,Black,Yes
527,38,Sales,58367,79,5,LinkedIn,2010-05-19,Asian,No
528,23,HR,51990,86,10,Walk-in,2001-12-26,White,No
529,50,Sales,64172,75,10,Agency,2009-02-15,Black,No
530,19,Sales,48952,72,6,LinkedIn,2004-09-06,Hispanic,No
531,20,Marketing,38228,65,3,Indeed,2013-12-31,White,No
532,19,HR,40567,94,4,Referral,2009-03-29,Black,No
533,25,Marketing,50617,99,11,Agency,2017-09-04,Other,Yes
534,16,HR,38255,92,4,LinkedIn,2020-08-26,Other,No
535,38,Operations,57340,63,9,LinkedIn,2009-07-25,Asian,Yes
536,29,Marketing,42709,66,5,Walk-in,2006-05-03,Black,No
537,29,Operations,57991,86,8,LinkedIn,2005-02-20,Hispanic,No
538,23,HR,45699,80,5,LinkedIn,2002-10-13,White,Yes
539,20,IT,33238,91,8,Referral,2010-04-27,Black,No
540,30,Marketing,51645,39,6,Walk-in,2018-02-24,White,No
541,38,Operations,46443,97,-0,Referral,2003-05-25,Black,No
542,35,IT,56999,59,8,Walk-in,2001-07-22,Other,No
543,25,IT,39671,63,5,Indeed,2010-05-21,Asian,No
544,34,Operations,60049,43,6,LinkedIn,2020-06-08,White,Yes
545,46,Operations,73260,99,11,Agency,2006-02-09,White,No
546,45,Operations,58157,93,9,LinkedIn,2004-02-09,Black,No
547,44,IT,61852,73,11,Referral,2019-11-04,Black,Yes
548,37,HR,51153,75,8,Referral,2003-04-14,Black,Yes
549,34,Sales,51349,62,10,Walk-in,2014-03-02,Asian,No
550,25,Operations,43737,108,3,Indeed,2009-09-25,Black,No
551,37,HR,47693,78,5,Referral,2017-11-29,Hispanic,No
552,35,Marketing,53520,72,11,Agency,2012-08-24,Asian,No
553,25,Operations,55678,75,11,Walk-in,2008-07-22,White,No
554,19,HR,46489,49,5,Agency,2006-11-15,White,No
555,36,Operations,50854,46,8,Agency,2017-08-04,Other,No
556,43,Operations,58890,78,9,Referral,2007-04-07,Hispanic,No
557,22,Sales,34329,90,1,Walk-in,2002-06-09,Hispanic,No
558,37,HR,45213,82,5,Indeed,2014-10-19,Black,Yes
559,36,Marketing,46978,90,7,LinkedIn,2004-03-11,Asian,No
560,21,IT,51012,61,6,Walk-in,2004-11-05,Other,No
561,48,IT,64844,114,11,Walk-in,2014-04-19,Asian,No
562,41,Operations,64001,81,14,Agency,2006-11-26,Black,No
563,15,Marketing,38608,83,6,Indeed,2020-07-30,Black,No
564,21,Operations,43795,62,3,LinkedIn,2018-10-07,Asian,No
565,30,Sales,42961,45,7,Referral,2008-03-29,Asian,No
566,23,Operations,46138,82,6,Referral,2018-05-06,Other,No
567,40,IT,50425,73,3,Agency,2015-11-14,Hispanic,No
568,39,Operations,55246,59,12,LinkedIn,2019-10-25,Black,No
569,16,IT,39069,71,5,Indeed,2007-09-14,Black,No
570,27,HR,48222,48,8,LinkedIn,2006-10-10,Black,No
571,43,Marketing,57591,75,12,Walk-in,2013-01-03,Asian,No
572,37,Marketing,51860,61,8,Agency,2000-04-21,Black,Yes
573,23,Marketing,44002,72,6,Indeed,2014-12-20,Black,No
574,34,Operations,62385,64,10,LinkedIn,2007-11-09,Other,No
575,23,IT,42087,73,4,Referral,2014-04-06,Black,No
576,31,Marketing,53983,52,8,LinkedIn,2006-10-12,White,No
577,39,Marketing,57897,61,5,Walk-in,2009-04-17,Asian,Yes
578,37,Sales,53311,82,10,Walk-in,2007-05-23,Other,No
579,32,Marketing,62501,84,12,Walk-in,2019-08-22,Hispanic,No
580,20,Marketing,34278,71,6,LinkedIn,2015-04-04,Other,No
581,46,Operations,72971,81,12,LinkedIn,2013-11-27,White,No
582,18,Operations,45081,93,6,Agency,2001-06-06,Other,No
583,35,HR,47147,74,4,LinkedIn,2006-03-16,Hispanic,No
584,48,Marketing,73485,66,11,Agency,2011-08-24,Other,No
585,26,Operations,54109,73,6,Indeed,2002-02-24,Black,Yes
586,20,Sales,46537,98,6,Referral,2018-11-30,White,Yes
587,29,HR,48101,57,6,LinkedIn,2016-04-29,Other,No
588,50,IT,67308,91,12,Referral,2008-07-09,Other,No
589,42,IT,65879,82,8,Referral,2017-05-11,White,No
590,17,Sales,32751,80,4,Indeed,2000-06-13,White,Yes
591,17,IT,49872,92,5,LinkedIn,2017-08-26,Asian,No
592,47,IT,51058,95,7,Indeed,2007-03-05,Other,No
593,27,Operations,51815,75,6,Referral,2012-04-17,White,Yes
594,19,Operations,47390,84,3,Walk-in,2017-09-16,Black,Yes
595,34,Operations,41169,77,6,LinkedIn,2002-07-16,White,Yes
596,36,HR,50674,82,10,LinkedIn,2003-10-16,Other,No
597,32,Sales,56763,66,8,Indeed,2020-08-28,White,Yes
598,23,Sales,44158,80,9,Walk-in,2001-11-03,White,No
599,32,Marketing,46035,67,2,Agency,2013-04-07,White,Yes
600,25,IT,47044,59,6,LinkedIn,2002-01-27,Hispanic,No
601,42,IT,57673,83,4,Indeed,2013-11-26,White,No
602,42,Sales,62822,85,14,Referral,2019-11-30,Black,Yes
603,30,HR,42490,78,6,Indeed,2020-07-04,Other,No
604,41,Marketing,70390,66,10,Indeed,2015-11-30,Other,No
605,34,Marketing,48233,93,10,LinkedIn,2010-01-30,Black,Yes
606,17,Operations,42451,86,6,Agency,2019-07-29,Black,No
607,24,IT,43143,63,2,Walk-in,2004-05-10,Other,No
608,24,HR,43584,94,8,Referral,2010-01-12,Asian,No
609,32,HR,46705,90,9,Walk-in,2002-12-20,White,Yes
610,38,Operations,52423,69,6,Walk-in,2010-10-13,Asian,Yes
611,29,IT,49549,53,4,Indeed,2002-06-23,Other,Yes
612,26,Sales,52717,75,9,Referral,2008-02-03,Other,Yes
613,36,Operations,64949,49,8,Agency,2011-07-25,Other,No
614,21,Marketing,23499,61,-3,Indeed,2000-01-11,Other,No
615,31,Sales,53122,65,8,Referral,2005-02-22,White,Yes
616,43,HR,62786,78,7,Walk-in,2009-03-03,Other,No
617,21,Operations,46924,96,5,LinkedIn,2010-02-17,White,Yes
618,40,HR,57453,101,7,Indeed,2010-07-19,Other,No
619,29,Operations,48411,75,7,Indeed,2011-04-01,Other,No
620,24,Sales,48231,61,6,Agency,2006-11-09,Other,Yes
621,45,Sales,64947,84,9,LinkedIn,2016-09-07,Black,Yes
622,17,Operations,31963,69,4,LinkedIn,2014-03-24,White,No
623,35,Sales,61130,55,9,Referral,2016-01-05,Other,No
624,46,IT,57198,77,10,Agency,2006-11-04,Black,No
625,33,HR,50139,76,3,LinkedIn,2004-01-23,Hispanic,Yes
626,38,Operations,63195,71,13,Walk-in,2012-09-22,Black,Yes
627,24,Marketing,37452,89,7,Referral,2010-02-08,Hispanic,No
628,23,Sales,41858,63,2,LinkedIn,2004-09-28,White,No
629,20,HR,41301,89,6,Indeed,2018-03-07,Black,No
630,30,Marketing,49001,66,7,Agency,2010-05-20,White,No
631,31,IT,61879,79,9,Walk-in,2009-04-02,Hispanic,No
632,26,Sales,38253,74,3,Agency,2006-08-20,Black,No
633,52,Marketing,70082,49,11,Agency,2008-01-22,Other,Yes
634,24,IT,49337,90,9,Walk-in,2020-05-23,Hispanic,No
635,24,Operations,54121,65,3,Indeed,2001-06-15,Hispanic,No
636,38,Operations,46308,59,7,Walk-in,2002-10-25,Asian,No
637,24,HR,50296,74,5,LinkedIn,2010-03-06,Other,Yes
638,27,IT,44445,116,5,LinkedIn,2008-11-04,Hispanic,Yes
639,26,Operations,53578,80,9,Walk-in,2013-02-15,Black,No
640,23,Sales,49741,74,5,Walk-in,2009-08-31,Hispanic,Yes
641,42,HR,61425,69,7,Walk-in,2005-05-26,Other,Yes
642,16,HR,30952,63,4,Walk-in,2009-10-04,Hispanic,Yes
643,17,Operations,32514,77,5,Walk-in,2009-03-20,White,Yes
644,31,Marketing,52153,78,6,Indeed,2007-08-25,White,No
645,45,HR,59957,98,11,Referral,2016-09-16,Hispanic,No
646,46,IT,58180,66,10,Referral,2013-05-18,Hispanic,No
647,34,IT,51069,76,7,Indeed,2012-05-09,Asian,Yes
648,28,IT,57112,87,9,Walk-in,2014-10-23,Hispanic,No
649,24,IT,42671,60,5,Agency,2002-01-25,Other,No
650,43,Operations,61490,73,8,Indeed,2006-07-04,Other,Yes
651,36,Marketing,50301,61,6,Agency,2000-01-21,Black,No
652,24,Sales,46865,54,8,Agency,2000-10-24,Black,No
653,28,Operations,46835,65,8,Indeed,2000-11-05,Black,Yes
654,40,HR,41637,68,2,Referral,2017-02-07,Asian,No
655,32,IT,51910,55,6,Walk-in,2010-12-20,Asian,No
656,32,IT,58580,69,10,Walk-in,2001-05-27,Asian,No
657,17,HR,41003,73,1,LinkedIn,2019-07-18,White,Yes
658,21,HR,44787,83,8,Referral,2006-01-18,Black,No
659,38,IT,59060,86,8,LinkedIn,2006-05-02,Hispanic,No
660,28,HR,41887,78,4,Agency,2007-12-06,Black,No
661,23,Sales,48046,82,6,Indeed,2018-11-02,Other,No
662,48,Sales,53651,67,8,Walk-in,2004-01-01,Other,No
663,22,Sales,44536,95,5,Referral,2007-04-23,Hispanic,No
664,6,Sales,30140,77,3,LinkedIn,2002-12-23,Asian,No
665,36,Sales,66529,69,12,Walk-in,2004-09-01,Other,No
666,34,HR,58643,84,9,Walk-in,2004-07-19,White,Yes
667,17,Operations,37622,62,6,Referral,2016-02-18,Black,No
668,31,IT,58897,71,6,LinkedIn,2007-08-26,Black,No
669,41,Sales,53545,51,10,Agency,2009-06-21,Black,No
670,37,Sales,50221,84,7,Referral,2019-09-15,Black,No
671,49,Operations,60774,75,9,Walk-in,2004-12-10,Black,No
672,18,IT,43645,99,2,Referral,2017-09-09,White,Yes
673,30,Sales,59386,70,7,Walk-in,2003-11-15,Asian,No
674,31,HR,41716,67,8,Indeed,2002-12-30,Black,Yes
675,17,Operations,32778,92,-0,Agency,2011-10-01,Asian,No
676,39,Sales,53386,82,9,Referral,2002-07-31,White,Yes
677,27,Operations,46629,78,6,Referral,2000-01-06,White,No
678,39,HR,61170,75,8,Referral,2000-11-26,Other,No
679,43,Marketing,65477,67,11,LinkedIn,2000-05-28,Black,No
680,43,Marketing,63587,87,10,Referral,2005-10-08,Black,No
681,25,Marketing,45945,97,5,Agency,2013-12-01,Other,Yes
682,24,Sales,48818,91,4,Walk-in,2004-08-13,White,No
683,28,Sales,51451,94,4,LinkedIn,2008-12-03,Asian,No
684,29,Operations,49607,81,10,Walk-in,2000-04-03,White,Yes
685,34,Marketing,63081,74,10,Agency,2015-02-07,Asian,No
686,39,Marketing,58798,55,9,Walk-in,2007-09-04,Asian,No
687,32,Operations,59980,74,8,LinkedIn,2002-07-14,Hispanic,Yes
688,31,HR,49077,71,9,Walk-in,2019-12-29,Asian,No
689,48,HR,71290,76,11,Indeed,2020-03-24,Black,No
690,43,HR,53057,89,7,Walk-in,2008-07-04,Hispanic,No
691,7,HR,24871,70,3,Walk-in,2000-03-08,Asian,No
692,15,Sales,36739,103,4,LinkedIn,2019-01-23,Other,Yes
693,35,Marketing,56880,70,13,Referral,2000-11-06,Hispanic,Yes
694,29,Marketing,42774,93,4,Referral,2003-12-16,Hispanic,No
695,35,HR,64800,72,7,Indeed,2012-10-30,Black,No
696,39,HR,51093,65,6,Walk-in,2006-02-11,White,No
697,32,HR,48527,86,8,LinkedIn,2012-01-17,Black,No
698,22,Marketing,37912,72,6,Walk-in,2002-12-25,White,No
699,33,Operations,52781,67,6,Walk-in,2002-12-18,Black,No
700,36,IT,55615,97,6,Referral,2005-04-08,White,Yes
701,41,Sales,55392,73,6,LinkedIn,2016-12-29,Other,No
702,29,Marketing,42251,92,3,Referral,2020-11-06,Other,No
703,45,HR,60393,60,10,LinkedIn,2004-05-28,Asian,No
704,49,Sales,60218,64,12,Agency,2001-06-17,Hispanic,Yes
705,43,Sales,56585,105,7,Agency,2001-06-01,White,Yes
706,37,Marketing,58341,92,8,Referral,2019-08-04,Hispanic,No
707,25,HR,36882,81,4,Referral,2001-12-04,Hispanic,No
708,29,Operations,40111,92,2,LinkedIn,2016-04-22,Asian,Yes
709,58,IT,80739,77,14,Indeed,2000-11-20,Other,No
710,36,IT,57801,93,8,Referral,2010-12-30,Asian,No
711,30,IT,46653,66,4,Agency,2009-11-17,Other,No
712,16,IT,39709,69,5,Agency,2002-10-12,Hispanic,No
713,11,IT,27502,64,-1,LinkedIn,2012-05-05,White,Yes
714,27,Sales,44142,96,6,Referral,2015-04-14,Other,Yes
715,32,Marketing,46829,47,6,LinkedIn,2007-01-04,Black,No
716,39,Marketing,56403,67,6,Agency,2013-07-07,Other,No
717,39,Sales,47335,56,1,Agency,2010-08-04,Other,No
718,42,Operations,57093,74,8,Indeed,2018-11-07,Hispanic,Yes
719,39,HR,54157,74,9,Walk-in,2017-07-21,Black,No
720,41,HR,59603,82,5,Referral,2010-03-10,Other,Yes
721,52,Operations,74397,79,17,Referral,2020-08-23,Black,No
722,14,Operations,36407,71,4,Indeed,2001-01-07,Asian,No
723,26,Marketing,37572,98,4,Referral,2001-04-12,White,No
724,37,Sales,47952,63,8,Indeed,2002-11-14,Asian,No
725,41,Operations,59096,75,9,Walk-in,2012-01-12,Asian,No
726,38,Sales,60022,64,11,Referral,2015-11-20,Other,No
727,19,Sales,34578,67,9,Agency,2013-08-21,Hispanic,Yes
728,38,Marketing,51862,83,8,LinkedIn,2007-07-13,Black,Yes
729,38,Operations,56939,71,8,Indeed,2012-01-21,Hispanic,Yes
730,43,Operations,62467,67,8,Walk-in,2006-04-30,White,No
731,40,IT,66690,96,7,Indeed,2018-11-27,White,Yes
732,31,HR,48599,80,6,Referral,2011-02-22,Black,Yes
733,29,Marketing,47313,96,6,Indeed,2006-08-09,Hispanic,No
734,19,Operations,40980,83,4,LinkedIn,2020-12-19,White,No
735,30,Sales,54451,68,10,Indeed,2015-03-15,White,No
736,40,IT,56083,97,6,LinkedIn,2000-09-25,Asian,No
737,32,IT,46809,76,5,Indeed,2000-06-02,Hispanic,No
738,35,IT,50186,76,4,LinkedIn,2014-01-11,Black,No
739,25,Marketing,39977,43,6,Indeed,2014-07-18,Asian,No
740,21,Marketing,52982,90,8,Walk-in,2001-07-07,Other,Yes
741,35,Marketing,52370,73,8,Indeed,2017-05-06,Asian,No
742,32,Marketing,54929,90,7,Indeed,2009-01-08,Other,No
743,66,Sales,74070,86,10,Agency,2017-12-12,Black,No
744,42,IT,60731,94,6,LinkedIn,2016-06-06,Other,Yes
745,25,Sales,38275,78,5,Referral,2007-01-22,Black,No
746,36,Operations,46841,76,6,LinkedIn,2000-09-23,Asian,No
747,22,Marketing,38807,84,5,LinkedIn,2018-04-09,Black,No
748,36,IT,57732,79,10,Indeed,2019-03-13,Asian,No
749,18,Sales,47291,92,9,Walk-in,2001-05-05,Black,No
750,32,HR,43745,67,5,Indeed,2009-05-23,White,Yes
751,43,IT,56390,92,9,Referral,2003-04-24,Black,No
752,21,HR,38186,70,5,Referral,2000-03-03,Black,Yes
753,25,HR,48605,55,7,Referral,2004-03-26,White,Yes
754,42,HR,58647,48,10,Indeed,2020-08-12,Other,No
755,24,Marketing,52286,59,6,LinkedIn,2002-04-30,Asian,Yes
756,43,HR,61975,83,7,Walk-in,2020-06-15,Other,Yes
757,16,HR,41958,82,5,Indeed,2008-06-13,White,No
758,19,HR,38308,65,6,Indeed,2020-03-01,Other,Yes
759,31,Sales,44642,53,6,Walk-in,2011-06-02,Asian,No
760,21,IT,33796,74,6,Indeed,2019-11-05,White,No
761,22,Operations,41280,71,6,Walk-in,2011-06-21,Asian,No
762,35,HR,43735,58,2,Walk-in,2020-12-11,Hispanic,No
763,51,IT,67650,96,12,Referral,2007-05-21,Asian,No
764,41,IT,58507,66,9,Agency,2020-03-23,White,Yes
765,34,HR,47238,78,5,Indeed,2004-05-14,Asian,No
766,16,Operations,36845,69,7,Walk-in,2017-05-17,White,No
767,38,Sales,59449,71,4,Indeed,2008-01-04,Hispanic,No
768,15,IT,31559,89,2,Walk-in,2020-03-28,Black,No
769,45,Marketing,56393,88,10,LinkedIn,2009-04-24,Other,No
770,22,Marketing,40431,70,6,Agency,2001-02-08,Hispanic,No
771,24,Marketing,51676,66,10,Agency,2008-07-26,Other,No
772,40,Operations,61054,76,9,Agency,2017-05-20,White,No
773,24,Operations,49233,74,6,Walk-in,2001-07-14,Black,Yes
774,38,Sales,54293,80,11,Agency,2005-08-07,Hispanic,Yes
775,31,HR,55812,84,6,Indeed,2006-08-11,Other,Yes
776,14,HR,25429,84,1,Referral,2020-10-01,White,No
777,34,IT,50019,73,8,LinkedIn,2005-07-24,Other,Yes
778,31,IT,49545,78,11,Walk-in,2010-05-29,Hispanic,No
779,36,IT,57278,87,9,Walk-in,2005-07-15,White,Yes
780,28,IT,49845,94,4,Referral,2020-08-06,White,Yes
781,32,HR,45144,96,8,Indeed,2013-04-13,Asian,No
782,17,Sales,42055,100,3,Indeed,2009-12-19,White,No
783,34,Operations,56611,65,6,Walk-in,2013-10-07,Asian,No
784,43,Marketing,62422,56,6,Referral,2017-04-23,Black,No
785,18,IT,39493,77,5,LinkedIn,2010-03-12,Asian,Yes
786,22,Sales,42020,83,5,LinkedIn,2014-05-01,Black,No
787,18,HR,34500,99,5,Referral,2006-01-16,Hispanic,No
788,43,Sales,69122,105,13,Agency,2012-08-07,Other,No
789,23,Marketing,41645,80,6,Agency,2013-01-08,Asian,No
790,32,Sales,57961,83,12,LinkedIn,2007-06-02,Hispanic,No
791,28,Marketing,52564,77,7,Referral,2005-11-04,Hispanic,No
792,47,IT,68939,78,10,LinkedIn,2001-01-22,White,Yes
793,18,Sales,34474,69,2,Indeed,2010-07-07,Asian,No
794,17,Sales,27507,93,-1,Walk-in,2008-10-12,Black,No
795,19,IT,29121,65,2,Agency,2016-02-22,Asian,No
796,34,Marketing,47557,76,6,LinkedIn,2018-08-17,Other,No
797,19,HR,38133,74,6,Walk-in,2016-07-10,Black,No
798,25,IT,47239,100,6,LinkedIn,2014-09-19,White,No
799,30,Operations,56562,54,12,Indeed,2015-08-07,Other,No
800,47,IT,62330,68,10,Indeed,2003-12-24,Hispanic,No
801,34,Marketing,47764,85,6,Indeed,2015-06-02,Other,No
802,26,Sales,44365,79,6,LinkedIn,2006-01-12,Black,No
803,31,Sales,52859,65,8,Agency,2015-01-14,White,No
804,35,IT,52745,97,13,Referral,2013-11-09,Black,No
805,23,Operations,51946,56,4,Agency,2005-01-04,Hispanic,Yes
806,46,IT,64273,66,10,Walk-in,2004-06-13,White,No
807,36,Marketing,62069,74,8,Referral,2000-05-08,Hispanic,No
808,44,Sales,52402,74,8,LinkedIn,2012-11-21,Hispanic,No
809,35,HR,58555,79,9,Indeed,2008-05-29,White,No
810,47,HR,50123,65,7,Indeed,2005-09-13,Other,Yes
811,31,Operations,54567,90,9,Agency,2002-03-04,Asian,Yes
812,24,Marketing,48636,82,9,LinkedIn,2005-11-30,Black,Yes
813,20,Marketing,49994,73,4,Indeed,2007-08-30,Asian,Yes
814,16,Sales,32933,74,2,LinkedIn,2020-01-18,Asian,Yes
815,35,Marketing,66066,80,9,Walk-in,2018-07-04,White,No
816,32,Sales,46438,64,8,Referral,2011-02-06,Black,Yes
817,35,IT,53701,87,9,LinkedIn,2013-01-12,Hispanic,No
818,38,IT,54661,51,6,Indeed,2014-01-30,Other,Yes
819,29,Marketing,50286,82,8,Referral,2014-07-08,Other,No
820,29,HR,44768,64,5,Indeed,2008-07-23,Black,Yes
821,21,Operations,30637,70,4,LinkedIn,2003-02-11,Asian,No
822,35,Sales,59166,58,10,Indeed,2010-10-02,White,Yes
823,19,Operations,44516,96,6,Agency,2020-06-26,White,No
824,37,Marketing,54748,65,10,LinkedIn,2011-09-21,Other,Yes
825,56,IT,69848,50,10,LinkedIn,2000-12-30,Other,No
826,29,IT,53474,75,10,LinkedIn,2014-11-21,White,Yes
827,38,HR,62197,66,10,LinkedIn,2018-08-30,Asian,Yes
828,30,IT,41185,85,3,LinkedIn,2010-06-18,Hispanic,Yes
829,29,Operations,43190,81,4,LinkedIn,2008-11-16,Black,Yes
830,47,Operations,64237,80,8,Walk-in,2008-02-13,White,No
831,29,Operations,50104,81,4,Indeed,2009-08-08,White,Yes
832,34,Operations,55206,65,6,Indeed,2018-06-26,White,No
833,26,HR,40385,75,6,Walk-in,2014-12-23,Other,No
834,24,IT,51754,51,7,Indeed,2012-07-03,Hispanic,No
835,35,HR,57532,84,10,Walk-in,2018-12-15,Hispanic,No
836,41,HR,52326,71,5,Indeed,2019-04-26,Asian,Yes
837,25,Marketing,42035,99,4,Walk-in,2001-10-17,White,No
838,22,HR,43688,98,7,Referral,2015-10-21,Black,No
839,40,IT,70709,59,13,LinkedIn,2020-05-16,Hispanic,No
840,33,IT,51535,67,5,Referral,2011-04-11,Hispanic,No
841,28,HR,48136,69,6,Indeed,2013-05-20,Other,No
842,31,Operations,47370,61,6,Agency,2012-04-20,Other,No
843,27,Marketing,46753,70,4,Indeed,2010-12-12,Other,No
844,35,Marketing,52536,54,11,Agency,2004-03-29,Black,No
845,33,Sales,54709,75,7,LinkedIn,2020-11-21,White,No
846,28,Marketing,58955,85,8,Walk-in,2003-11-29,White,No
847,22,Operations,39942,88,3,LinkedIn,2020-05-17,Other,No
848,41,Sales,67347,68,7,Walk-in,2007-12-21,White,No
849,34,HR,46558,73,2,LinkedIn,2015-02-19,Black,No
850,26,Operations,33942,61,1,Indeed,2005-10-02,White,Yes
851,33,HR,49883,88,7,Referral,2010-08-09,Black,Yes
852,33,Marketing,57495,80,10,LinkedIn,2018-08-11,Other,Yes
853,32,HR,47342,99,6,Walk-in,2006-11-27,Other,No
854,36,Marketing,64189,48,12,Walk-in,2017-07-25,Hispanic,No
855,30,Marketing,47165,69,9,Agency,2010-05-27,Black,No
856,15,Marketing,32921,85,5,LinkedIn,2002-03-13,Black,Yes
857,51,IT,63401,73,9,Agency,2019-08-25,Other,No
858,28,IT,50232,69,6,LinkedIn,2008-03-18,Black,No
859,25,Marketing,35328,73,5,Agency,2018-10-25,Other,No
860,42,Marketing,61721,57,15,Referral,2015-12-07,Other,No
861,38,HR,53263,90,6,Referral,2006-10-16,White,No
862,50,HR,63225,87,11,Referral,2014-08-17,Hispanic,No
863,21,HR,51619,86,9,Indeed,2014-01-05,Hispanic,Yes
864,36,Operations,50219,98,6,Referral,2004-12-11,Other,No
865,34,Marketing,44613,54,5,Agency,2016-06-19,White,No
866,25,IT,33479,70,3,Walk-in,2006-03-25,White,No
867,26,IT,55239,82,3,LinkedIn,2016-09-08,Other,No
868,32,Sales,44418,123,7,Walk-in,2001-01-28,White,No
869,4,Sales,18452,68,2,LinkedIn,2018-03-27,Black,No
870,32,Sales,54200,59,9,Walk-in,2012-04-06,White,Yes
871,27,Operations,48265,82,8,Referral,2007-09-30,White,Yes
872,32,Operations,54132,73,9,Indeed,2001-03-19,Other,No
873,34,Marketing,52677,82,7,Referral,2018-01-27,Hispanic,Yes
874,40,HR,49047,77,8,LinkedIn,2000-04-30,Other,No
875,35,Operations,54211,91,4,Agency,2000-03-29,Other,No
876,27,HR,45131,88,9,Indeed,2018-02-13,Other,No
877,38,IT,57115,88,6,Indeed,2019-04-30,Other,No
878,34,HR,50791,56,8,Indeed,2006-06-16,Hispanic,No
879,35,Sales,57983,75,8,Walk-in,2013-03-23,Hispanic,No
880,35,HR,53677,37,9,Indeed,2015-12-02,Asian,No
881,35,Operations,49954,96,6,LinkedIn,2014-11-12,Asian,No
882,34,HR,42862,54,2,Agency,2006-04-23,Other,No
883,42,Operations,68673,97,10,Referral,2007-02-12,Other,Yes
884,44,IT,54859,83,6,Indeed,2005-03-25,Other,No
885,26,HR,55846,95,8,Agency,2001-04-17,Other,No
886,65,IT,76207,74,13,Agency,2008-01-23,Hispanic,No
887,29,Sales,40274,72,4,Agency,2017-01-17,Asian,No
888,49,IT,72225,88,11,Walk-in,2009-05-04,Hispanic,No
889,18,Operations,45449,55,6,Walk-in,2008-05-21,Asian,No
890,40,HR,57034,51,12,Agency,2002-06-16,Black,No
891,41,Operations,61485,88,7,Referral,2013-06-06,White,No
892,27,HR,38555,101,6,Agency,2017-02-20,Asian,No
893,29,HR,48089,68,4,Agency,2001-07-05,Black,No
894,30,IT,50773,73,8,Agency,2012-04-09,White,No
895,17,Operations,37208,87,1,LinkedIn,2005-10-09,Other,Yes
896,37,HR,47209,73,11,Indeed,2014-08-29,Asian,No
897,22,HR,54295,65,3,LinkedIn,2016-04-20,Asian,No
898,26,IT,46672,92,5,Indeed,2012-03-04,Other,No
899,34,Operations,59856,105,14,LinkedIn,2008-08-05,Other,No
900,23,Sales,43499,54,3,Agency,2011-10-02,Asian,No
901,13,HR,40659,83,5,Referral,2010-01-16,Asian,No
902,33,HR,55290,90,6,Referral,2005-07-02,Asian,Yes
903,39,IT,62798,71,8,Agency,2012-07-15,Asian,No
904,43,HR,63284,78,11,Referral,2019-12-14,Asian,No
905,35,HR,45497,91,4,Referral,2000-08-19,Hispanic,No
906,23,HR,48177,78,6,Referral,2011-03-08,Hispanic,No
907,41,Sales,64522,88,13,Agency,2013-08-22,White,Yes
908,45,Operations,62696,89,9,Indeed,2007-08-22,White,No
909,36,Sales,54440,94,5,Indeed,2011-10-26,Asian,No
910,24,Sales,39690,71,5,Agency,2020-10-19,White,No
911,22,Operations,42954,72,7,Referral,2003-09-01,Hispanic,No
912,24,Marketing,42070,97,8,Referral,2017-04-13,White,No
913,30,HR,55135,76,10,Agency,2018-12-20,Hispanic,No
914,39,Marketing,48273,65,5,Walk-in,2018-12-22,Asian,No
915,50,Operations,63100,82,8,Indeed,2013-06-23,Hispanic,No
916,20,Sales,45994,92,6,Referral,2003-09-17,Hispanic,No
917,30,Marketing,44147,68,5,Indeed,2015-01-17,Black,Yes
918,25,HR,44678,88,7,LinkedIn,2020-01-12,Asian,No
919,21,IT,21044,89,3,Walk-in,2020-05-01,Hispanic,No
920,19,HR,41471,73,7,Referral,2008-08-09,Black,No
921,17,Operations,40881,101,7,Agency,2009-06-27,Hispanic,No
922,37,Operations,57661,92,11,Agency,2001-01-18,Other,No
923,34,Sales,52618,62,6,LinkedIn,2001-09-09,Other,No
924,33,Operations,48508,72,8,LinkedIn,2018-08-20,Black,No
925,11,Sales,34262,84,-1,Referral,2002-01-20,Other,No
926,28,IT,40036,75,4,Indeed,2002-03-10,Other,Yes
927,42,IT,68158,55,11,Agency,2015-01-02,Other,Yes
928,36,Marketing,52144,78,7,Indeed,2001-05-31,Asian,No
929,34,HR,52064,63,7,Agency,2009-07-27,Other,Yes
930,31,Operations,54857,67,4,Indeed,2015-10-20,Black,No
931,20,IT,47899,98,3,Referral,2001-09-08,Other,No
932,16,Marketing,42359,47,5,LinkedIn,2006-08-16,Asian,Yes
933,35,HR,52266,96,8,Referral,2003-08-24,Other,Yes
934,17,Marketing,39481,42,4,Walk-in,2003-01-10,White,No
935,44,Sales,57293,97,10,Referral,2011-12-16,Other,No
936,37,IT,60936,62,6,Indeed,2016-12-16,Hispanic,No
937,28,Marketing,46954,85,7,Indeed,2002-02-14,Other,No
938,45,Marketing,65063,81,7,Agency,2001-04-07,Other,No
939,28,IT,51601,88,7,Referral,2008-01-08,Other,No
940,26,Marketing,39215,77,4,Walk-in,2009-11-22,Asian,No
941,21,Operations,49350,74,6,Agency,2005-07-14,Other,No
942,30,Marketing,56669,75,12,Walk-in,2020-12-27,Asian,Yes
943,21,IT,48120,70,6,Walk-in,2004-07-26,Hispanic,Yes
944,46,HR,58997,61,7,Agency,2005-09-11,Asian,No
945,20,Marketing,49694,73,10,LinkedIn,2011-03-18,White,No
946,19,HR,39475,64,6,Agency,2012-08-13,Black,No
947,39,Operations,51411,88,5,LinkedIn,2010-04-17,Other,No
948,21,IT,49163,68,5,Indeed,2016-10-05,Hispanic,Yes
949,30,IT,56791,98,9,Walk-in,2004-07-02,Asian,No
950,25,Operations,47318,93,9,Referral,2004-06-20,White,Yes
951,37,Sales,50952,101,6,Agency,2004-07-09,Other,Yes
952,46,IT,52705,75,9,Indeed,2006-05-08,Black,No
953,35,IT,55008,53,2,Agency,2000-11-11,White,Yes
954,29,Operations,54619,82,6,Walk-in,2001-06-13,Black,No
955,34,IT,50831,74,9,LinkedIn,2020-03-11,Hispanic,No
956,21,Marketing,37679,75,4,Walk-in,2006-09-23,Black,No
957,12,HR,27794,81,5,LinkedIn,2018-05-01,White,No
958,33,Sales,49453,83,9,Indeed,2012-03-21,Other,No
959,38,Marketing,47234,72,11,Walk-in,2017-04-12,White,No
960,32,HR,60877,61,8,Walk-in,2016-05-28,Black,No
961,29,Marketing,51340,74,7,LinkedIn,2019-09-03,Black,No
962,30,HR,44390,76,4,LinkedIn,2009-01-12,Asian,No
963,25,Operations,47956,110,7,Indeed,2006-11-02,Hispanic,No
964,28,Marketing,53601,91,10,Referral,2013-09-05,Hispanic,No
965,42,Operations,48304,67,4,Indeed,2013-06-30,Hispanic,Yes
966,40,Operations,63126,83,15,Walk-in,2019-07-05,Black,Yes
967,36,Marketing,51824,71,5,Walk-in,2016-11-04,White,No
968,33,HR,60580,97,9,LinkedIn,2008-02-14,Asian,Yes
969,15,HR,34422,86,3,Indeed,2003-11-03,Other,No
970,36,Sales,57781,98,6,Referral,2000-07-15,Black,Yes
971,45,Sales,64619,71,12,Indeed,2016-04-19,Asian,No
972,59,HR,72249,57,10,Indeed,2002-06-06,Black,Yes
973,30,Operations,51485,65,6,Agency,2000-06-17,Asian,No
974,38,Sales,68364,53,12,Walk-in,2013-02-27,Black,Yes
975,40,Sales,44012,63,12,LinkedIn,2015-02-16,Black,No
976,35,HR,47418,89,6,Indeed,2019-11-10,Hispanic,No
977,17,HR,42665,84,4,Agency,2012-06-18,Other,No
978,41,IT,60044,91,7,Agency,2015-04-12,Asian,No
979,28,Operations,50356,40,5,Walk-in,2017-09-30,Asian,No
980,22,Sales,44248,93,8,Referral,2017-04-21,White,No
981,30,HR,49291,92,10,Agency,2019-04-29,Black,Yes
982,40,Marketing,46286,63,8,LinkedIn,2002-05-11,Asian,No
983,20,Sales,49860,76,5,Walk-in,2018-01-28,Hispanic,No
984,19,IT,34118,49,4,Walk-in,2012-01-14,Black,No
985,34,Sales,50189,93,5,Agency,2016-12-12,Black,No
986,29,Sales,44254,95,6,Referral,2004-04-24,Black,No
987,25,HR,47674,62,10,LinkedIn,2016-01-17,Hispanic,No
988,22,Marketing,37009,62,4,Agency,2018-02-03,Hispanic,No
989,30,Sales,49742,97,8,Agency,2010-01-31,Black,No
990,16,Marketing,39301,64,7,Walk-in,2001-09-01,Other,No
991,42,Sales,55354,66,9,Referral,2018-08-26,Asian,Yes
992,29,Sales,45855,74,8,Referral,2005-05-04,Asian,No
993,23,HR,47654,78,5,Referral,2012-01-06,Asian,Yes
994,21,Operations,48304,69,8,Referral,2018-10-01,Hispanic,No
995,48,Sales,65835,71,8,Agency,2000-06-19,Other,No
996,25,Operations,49683,77,8,Referral,2020-05-24,White,No
997,17,Sales,32283,88,1,Indeed,2011-04-21,Black,No
998,26,Marketing,44328,45,6,LinkedIn,2020-04-22,Asian,No
999,31,IT,30889,52,6,LinkedIn,2020-11-14,Black,Yes
1000,55,Marketing,71658,51,10,Walk-in,2004-07-06,Black,Yes
